"path","line","declaration"
"Pakuri/Assets/Scripts/NewCore/Combat/Actions/EnemyActionController.cs","10","public sealed class EnemyActionController : UnitActionController"
"Pakuri/Assets/Scripts/NewCore/Combat/Actions/EnemyActionController.cs","18","public EnemyActionController("
"Pakuri/Assets/Scripts/NewCore/Combat/Actions/EnemyActionController.cs","44","public EnemyModel Enemy { get; }"
"Pakuri/Assets/Scripts/NewCore/Combat/Actions/EnemyActionController.cs","46","public bool IsComplete =>"
"Pakuri/Assets/Scripts/NewCore/Combat/Actions/EnemyActionController.cs","49","public void Tick(float deltaTime, IReadOnlyList<UnitBaseModel> registeredUnits)"
"Pakuri/Assets/Scripts/NewCore/Combat/Actions/InGameActionManager.cs","10","public enum CombatTickStep"
"Pakuri/Assets/Scripts/NewCore/Combat/Actions/InGameActionManager.cs","22","public sealed class InGameActionManager"
"Pakuri/Assets/Scripts/NewCore/Combat/Actions/InGameActionManager.cs","38","public InGameActionManager("
"Pakuri/Assets/Scripts/NewCore/Combat/Actions/InGameActionManager.cs","62","public event Action<CombatTickStep> StepCompleted;"
"Pakuri/Assets/Scripts/NewCore/Combat/Actions/InGameActionManager.cs","64","public void RegisterMonster(MonsterActionController controller, bool selected)"
"Pakuri/Assets/Scripts/NewCore/Combat/Actions/InGameActionManager.cs","91","public void RegisterEnemy(EnemyActionController controller)"
"Pakuri/Assets/Scripts/NewCore/Combat/Actions/InGameActionManager.cs","106","public void Tick(float deltaTime)"
"Pakuri/Assets/Scripts/NewCore/Combat/Actions/InGameActionManager.cs","187","public void BeginOrExtendCombat("
"Pakuri/Assets/Scripts/NewCore/Combat/Actions/InGameActionManager.cs","207","public void EndCombat()"
"Pakuri/Assets/Scripts/NewCore/Combat/Actions/MonsterActionController.cs","8","public sealed class MonsterActionController : UnitActionController"
"Pakuri/Assets/Scripts/NewCore/Combat/Actions/MonsterActionController.cs","10","public MonsterActionController("
"Pakuri/Assets/Scripts/NewCore/Combat/Actions/MonsterActionController.cs","18","public MonsterModel Monster { get; }"
"Pakuri/Assets/Scripts/NewCore/Combat/Actions/MonsterActionController.cs","20","public bool TickAutomatic(IReadOnlyList<UnitBaseModel> registeredUnits)"
"Pakuri/Assets/Scripts/NewCore/Combat/Actions/MonsterActionController.cs","42","public bool TryExecuteManual("
"Pakuri/Assets/Scripts/NewCore/Combat/Actions/MonsterActionController.cs","62","public bool CanExecuteManual("
"Pakuri/Assets/Scripts/NewCore/Combat/Actions/PlayerInputController.cs","8","public enum ManualInputPhase"
"Pakuri/Assets/Scripts/NewCore/Combat/Actions/PlayerInputController.cs","15","public sealed class PlayerInputController"
"Pakuri/Assets/Scripts/NewCore/Combat/Actions/PlayerInputController.cs","23","public MonsterModel SelectedMonster => selectedController?.Monster;"
"Pakuri/Assets/Scripts/NewCore/Combat/Actions/PlayerInputController.cs","25","public int PendingRequestCount => pending.Count;"
"Pakuri/Assets/Scripts/NewCore/Combat/Actions/PlayerInputController.cs","27","public void Select(MonsterActionController controller)"
"Pakuri/Assets/Scripts/NewCore/Combat/Actions/PlayerInputController.cs","36","public void SetAutoSkillEnabled(bool enabled)"
"Pakuri/Assets/Scripts/NewCore/Combat/Actions/PlayerInputController.cs","50","public void BeginManualFrame()"
"Pakuri/Assets/Scripts/NewCore/Combat/Actions/PlayerInputController.cs","55","public bool SubmitManualSkillRequest("
"Pakuri/Assets/Scripts/NewCore/Combat/Actions/PlayerInputController.cs","89","public bool ContinueProjectileBurst(SkillDefinition skill)"
"Pakuri/Assets/Scripts/NewCore/Combat/Actions/PlayerInputController.cs","108","public bool Process(IReadOnlyList<UnitBaseModel> registeredUnits)"
"Pakuri/Assets/Scripts/NewCore/Combat/Actions/PlayerInputController.cs","132","public void ResetCombatInput()"
"Pakuri/Assets/Scripts/NewCore/Combat/Actions/PlayerInputController.cs","141","public ManualSkillRequest("
"Pakuri/Assets/Scripts/NewCore/Combat/Actions/PlayerInputController.cs","151","public SkillDefinition Skill { get; }"
"Pakuri/Assets/Scripts/NewCore/Combat/Actions/PlayerInputController.cs","153","public CombatVector2 AimDirection { get; }"
"Pakuri/Assets/Scripts/NewCore/Combat/Actions/PlayerInputController.cs","155","public CombatVector2 TargetPoint { get; }"
"Pakuri/Assets/Scripts/NewCore/Combat/Actions/UnitActionController.cs","7","public abstract class UnitActionController"
"Pakuri/Assets/Scripts/NewCore/Combat/Actions/UnitActionController.cs","9","protected UnitActionController("
"Pakuri/Assets/Scripts/NewCore/Combat/Actions/UnitActionController.cs","18","public UnitBaseModel Model { get; }"
"Pakuri/Assets/Scripts/NewCore/Combat/Actions/UnitActionController.cs","20","protected InGameCombatManager CombatManager { get; }"
"Pakuri/Assets/Scripts/NewCore/Combat/Actions/UnitActionController.cs","22","protected bool CanUse(string skillId)"
"Pakuri/Assets/Scripts/NewCore/Combat/Actions/UnitActionController.cs","35","protected bool Execute(SkillExecutionRequest request)"
"Pakuri/Assets/Scripts/NewCore/Combat/Actions/UnitMovementController.cs","6","public sealed class UnitMovementController"
"Pakuri/Assets/Scripts/NewCore/Combat/Actions/UnitMovementController.cs","8","public bool MoveTowards("
"Pakuri/Assets/Scripts/NewCore/Combat/Actions/UnitMovementController.cs","42","public bool Displace(UnitBaseModel unit, CombatVector2 displacement)"
"Pakuri/Assets/Scripts/NewCore/Combat/Effects/EffectManager.cs","8","public readonly struct EffectVisualSpec"
"Pakuri/Assets/Scripts/NewCore/Combat/Effects/EffectManager.cs","10","public EffectVisualSpec("
"Pakuri/Assets/Scripts/NewCore/Combat/Effects/EffectManager.cs","31","public string PrefabPath { get; }"
"Pakuri/Assets/Scripts/NewCore/Combat/Effects/EffectManager.cs","33","public string SpritePath { get; }"
"Pakuri/Assets/Scripts/NewCore/Combat/Effects/EffectManager.cs","35","public string AnimatorControllerPath { get; }"
"Pakuri/Assets/Scripts/NewCore/Combat/Effects/EffectManager.cs","37","public float Scale { get; }"
"Pakuri/Assets/Scripts/NewCore/Combat/Effects/EffectManager.cs","39","public float ScaleX { get; }"
"Pakuri/Assets/Scripts/NewCore/Combat/Effects/EffectManager.cs","41","public float ScaleY { get; }"
"Pakuri/Assets/Scripts/NewCore/Combat/Effects/EffectManager.cs","43","public float ScaleZ { get; }"
"Pakuri/Assets/Scripts/NewCore/Combat/Effects/EffectManager.cs","45","public int SortingOrder { get; }"
"Pakuri/Assets/Scripts/NewCore/Combat/Effects/EffectManager.cs","47","public bool UsesLocalScale =>"
"Pakuri/Assets/Scripts/NewCore/Combat/Effects/EffectManager.cs","50","public bool HasResource =>"
"Pakuri/Assets/Scripts/NewCore/Combat/Effects/EffectManager.cs","56","public sealed class EffectHandle"
"Pakuri/Assets/Scripts/NewCore/Combat/Effects/EffectManager.cs","58","internal EffectHandle("
"Pakuri/Assets/Scripts/NewCore/Combat/Effects/EffectManager.cs","71","public int Id { get; }"
"Pakuri/Assets/Scripts/NewCore/Combat/Effects/EffectManager.cs","73","public EffectVisualSpec Visual { get; }"
"Pakuri/Assets/Scripts/NewCore/Combat/Effects/EffectManager.cs","75","public string ResourcePath =>"
"Pakuri/Assets/Scripts/NewCore/Combat/Effects/EffectManager.cs","80","public CombatVector2 Position { get; internal set; }"
"Pakuri/Assets/Scripts/NewCore/Combat/Effects/EffectManager.cs","82","public CombatVector2 Direction { get; internal set; }"
"Pakuri/Assets/Scripts/NewCore/Combat/Effects/EffectManager.cs","84","public bool IsActive { get; internal set; }"
"Pakuri/Assets/Scripts/NewCore/Combat/Effects/EffectManager.cs","87","public sealed class EffectManager"
"Pakuri/Assets/Scripts/NewCore/Combat/Effects/EffectManager.cs","93","public EffectManager()"
"Pakuri/Assets/Scripts/NewCore/Combat/Effects/EffectManager.cs","98","public IReadOnlyList<EffectHandle> ActiveEffects => readOnlyHandles;"
"Pakuri/Assets/Scripts/NewCore/Combat/Effects/EffectManager.cs","100","public EffectHandle Create("
"Pakuri/Assets/Scripts/NewCore/Combat/Effects/EffectManager.cs","119","public EffectHandle Create("
"Pakuri/Assets/Scripts/NewCore/Combat/Effects/EffectManager.cs","130","public bool TryUpdate("
"Pakuri/Assets/Scripts/NewCore/Combat/Effects/EffectManager.cs","145","public bool Remove(EffectHandle handle)"
"Pakuri/Assets/Scripts/NewCore/Combat/Effects/EffectManager.cs","156","public void Clear()"
"Pakuri/Assets/Scripts/NewCore/Combat/InGameCombatManager.cs","12","public readonly struct CombatResult"
"Pakuri/Assets/Scripts/NewCore/Combat/InGameCombatManager.cs","14","public CombatResult("
"Pakuri/Assets/Scripts/NewCore/Combat/InGameCombatManager.cs","32","public UnitBaseModel Source { get; }"
"Pakuri/Assets/Scripts/NewCore/Combat/InGameCombatManager.cs","34","public UnitBaseModel Target { get; }"
"Pakuri/Assets/Scripts/NewCore/Combat/InGameCombatManager.cs","36","public string SkillId { get; }"
"Pakuri/Assets/Scripts/NewCore/Combat/InGameCombatManager.cs","38","public float HealthChanged { get; }"
"Pakuri/Assets/Scripts/NewCore/Combat/InGameCombatManager.cs","40","public float ShieldChanged { get; }"
"Pakuri/Assets/Scripts/NewCore/Combat/InGameCombatManager.cs","42","public float DamageAmount =>"
"Pakuri/Assets/Scripts/NewCore/Combat/InGameCombatManager.cs","45","public bool IsCritical { get; }"
"Pakuri/Assets/Scripts/NewCore/Combat/InGameCombatManager.cs","47","public bool IsDefeated { get; }"
"Pakuri/Assets/Scripts/NewCore/Combat/InGameCombatManager.cs","50","public sealed class InGameCombatManager"
"Pakuri/Assets/Scripts/NewCore/Combat/InGameCombatManager.cs","62","public InGameCombatManager("
"Pakuri/Assets/Scripts/NewCore/Combat/InGameCombatManager.cs","72","public event Action<CombatResult> DamageApplied;"
"Pakuri/Assets/Scripts/NewCore/Combat/InGameCombatManager.cs","74","public event Action<CombatResult> HealingApplied;"
"Pakuri/Assets/Scripts/NewCore/Combat/InGameCombatManager.cs","76","public event Action<CombatResult> ShieldApplied;"
"Pakuri/Assets/Scripts/NewCore/Combat/InGameCombatManager.cs","78","public event Action<UnitBaseModel, UnitBaseModel, StatusDefinition> StatusApplied;"
"Pakuri/Assets/Scripts/NewCore/Combat/InGameCombatManager.cs","80","public event Action<UnitBaseModel, SkillDefinition> SkillActivated;"
"Pakuri/Assets/Scripts/NewCore/Combat/InGameCombatManager.cs","82","public event Action<UnitBaseModel> UnitDefeated;"
"Pakuri/Assets/Scripts/NewCore/Combat/InGameCombatManager.cs","84","public bool TryExecuteSkill(SkillExecutionRequest request)"
"Pakuri/Assets/Scripts/NewCore/Combat/InGameCombatManager.cs","96","public void TickTriggers(float deltaTime)"
"Pakuri/Assets/Scripts/NewCore/Combat/InGameCombatManager.cs","101","public void ApplyPassiveChanges("
"Pakuri/Assets/Scripts/NewCore/Combat/InGameCombatManager.cs","107","public void EndCombat()"
"Pakuri/Assets/Scripts/NewCore/Combat/InGameCombatManager.cs","119","public int NotifyCombatStart("
"Pakuri/Assets/Scripts/NewCore/Combat/InGameCombatManager.cs","134","public void NotifyMagazineLastProjectileHit("
"Pakuri/Assets/Scripts/NewCore/Combat/InGameCombatManager.cs","148","public void NotifyShieldExpired("
"Pakuri/Assets/Scripts/NewCore/Combat/InGameCombatManager.cs","164","public CombatResult ApplySkillDamage("
"Pakuri/Assets/Scripts/NewCore/Combat/InGameCombatManager.cs","337","public int GetOutgoingHitCount(UnitBaseModel source)"
"Pakuri/Assets/Scripts/NewCore/Combat/InGameCombatManager.cs","345","public CombatResult ApplyTriggeredDamage("
"Pakuri/Assets/Scripts/NewCore/Combat/InGameCombatManager.cs","444","public CombatResult Heal("
"Pakuri/Assets/Scripts/NewCore/Combat/InGameCombatManager.cs","468","public CombatResult AddShield("
"Pakuri/Assets/Scripts/NewCore/Combat/InGameCombatManager.cs","486","public CombatResult AddShield("
"Pakuri/Assets/Scripts/NewCore/Combat/InGameCombatManager.cs","533","public void ApplyStatus("
"Pakuri/Assets/Scripts/NewCore/Combat/InGameCombatManager.cs","572","public float ApplyNexusDamage(EnemyModel source, NexusModel nexus)"
"Pakuri/Assets/Scripts/NewCore/Combat/InGameCombatManager.cs","591","public float CalculateRawValue(UnitBaseModel source, SkillDefinition skill)"
"Pakuri/Assets/Scripts/NewCore/Combat/InGameCombatManager.cs","606","public float CalculateSpellPower(UnitBaseModel source)"
"Pakuri/Assets/Scripts/NewCore/Combat/InGameCombatManager.cs","612","public void NotifySkillActivated("
"Pakuri/Assets/Scripts/NewCore/Combat/Skills/Actors/AreaAttackActor.cs","6","public sealed class AreaAttackActor : TimedSkillActor"
"Pakuri/Assets/Scripts/NewCore/Combat/Skills/Actors/AreaAttackActor.cs","8","public AreaAttackActor("
"Pakuri/Assets/Scripts/NewCore/Combat/Skills/Actors/BuffActor.cs","6","public sealed class BuffActor : TimedSkillActor"
"Pakuri/Assets/Scripts/NewCore/Combat/Skills/Actors/BuffActor.cs","8","public BuffActor("
"Pakuri/Assets/Scripts/NewCore/Combat/Skills/Actors/LineAttackActor.cs","6","public sealed class LineAttackActor : TimedSkillActor"
"Pakuri/Assets/Scripts/NewCore/Combat/Skills/Actors/LineAttackActor.cs","8","public LineAttackActor("
"Pakuri/Assets/Scripts/NewCore/Combat/Skills/Actors/ProjectileActor.cs","10","public sealed class ProjectileActor : SkillActor"
"Pakuri/Assets/Scripts/NewCore/Combat/Skills/Actors/ProjectileActor.cs","25","public ProjectileActor("
"Pakuri/Assets/Scripts/NewCore/Combat/Skills/Actors/ProjectileActor.cs","66","public CombatVector2 Position => position;"
"Pakuri/Assets/Scripts/NewCore/Combat/Skills/Actors/ProjectileActor.cs","68","public CombatVector2 Direction => direction;"
"Pakuri/Assets/Scripts/NewCore/Combat/Skills/Actors/ProjectileActor.cs","70","public int HitCount => hitTargets.Count;"
"Pakuri/Assets/Scripts/NewCore/Combat/Skills/Actors/ProjectileActor.cs","72","protected override void TickActor(float deltaTime)"
"Pakuri/Assets/Scripts/NewCore/Combat/Skills/Actors/ScheduledSkillActor.cs","7","public sealed class ScheduledSkillActor : SkillActor"
"Pakuri/Assets/Scripts/NewCore/Combat/Skills/Actors/ScheduledSkillActor.cs","15","public ScheduledSkillActor("
"Pakuri/Assets/Scripts/NewCore/Combat/Skills/Actors/ScheduledSkillActor.cs","49","protected override void TickActor(float deltaTime)"
"Pakuri/Assets/Scripts/NewCore/Combat/Skills/Actors/SingleAttackActor.cs","6","public sealed class SingleAttackActor : TimedSkillActor"
"Pakuri/Assets/Scripts/NewCore/Combat/Skills/Actors/SingleAttackActor.cs","8","public SingleAttackActor("
"Pakuri/Assets/Scripts/NewCore/Combat/Skills/Actors/SkillActor.cs","7","public abstract class SkillActor"
"Pakuri/Assets/Scripts/NewCore/Combat/Skills/Actors/SkillActor.cs","9","protected SkillActor(SkillDefinition definition, EffectHandle effect)"
"Pakuri/Assets/Scripts/NewCore/Combat/Skills/Actors/SkillActor.cs","15","public SkillDefinition Definition { get; }"
"Pakuri/Assets/Scripts/NewCore/Combat/Skills/Actors/SkillActor.cs","17","public EffectHandle Effect { get; }"
"Pakuri/Assets/Scripts/NewCore/Combat/Skills/Actors/SkillActor.cs","19","public float ElapsedSeconds { get; private set; }"
"Pakuri/Assets/Scripts/NewCore/Combat/Skills/Actors/SkillActor.cs","21","public bool IsComplete { get; protected set; }"
"Pakuri/Assets/Scripts/NewCore/Combat/Skills/Actors/SkillActor.cs","23","public void Tick(float deltaTime)"
"Pakuri/Assets/Scripts/NewCore/Combat/Skills/Actors/SkillActor.cs","39","protected abstract void TickActor(float deltaTime);"
"Pakuri/Assets/Scripts/NewCore/Combat/Skills/Actors/SkillActorManager.cs","8","public sealed class SkillActorManager"
"Pakuri/Assets/Scripts/NewCore/Combat/Skills/Actors/SkillActorManager.cs","16","public SkillActorManager(EffectManager effectManager)"
"Pakuri/Assets/Scripts/NewCore/Combat/Skills/Actors/SkillActorManager.cs","23","public IReadOnlyList<SkillActor> ActiveActors => readOnlyActive;"
"Pakuri/Assets/Scripts/NewCore/Combat/Skills/Actors/SkillActorManager.cs","25","public int PendingAddCount => pendingAdd.Count;"
"Pakuri/Assets/Scripts/NewCore/Combat/Skills/Actors/SkillActorManager.cs","27","public void Register(SkillActor actor)"
"Pakuri/Assets/Scripts/NewCore/Combat/Skills/Actors/SkillActorManager.cs","42","public void Tick(float deltaTime)"
"Pakuri/Assets/Scripts/NewCore/Combat/Skills/Actors/SkillActorManager.cs","73","public void Clear()"
"Pakuri/Assets/Scripts/NewCore/Combat/Skills/Actors/TimedSkillActor.cs","7","public abstract class TimedSkillActor : SkillActor"
"Pakuri/Assets/Scripts/NewCore/Combat/Skills/Actors/TimedSkillActor.cs","11","protected TimedSkillActor("
"Pakuri/Assets/Scripts/NewCore/Combat/Skills/Actors/TimedSkillActor.cs","25","protected override void TickActor(float deltaTime)"
"Pakuri/Assets/Scripts/NewCore/Combat/Skills/Execution/AreaAttackExecutor.cs","9","internal sealed class AreaAttackExecutor : SkillExecutor"
"Pakuri/Assets/Scripts/NewCore/Combat/Skills/Execution/AreaAttackExecutor.cs","11","public AreaAttackExecutor(GameDefinitionCatalog catalog, SkillTargeting targeting, SkillActorManager actors, EffectManager effects, Func<float> randomValue)"
"Pakuri/Assets/Scripts/NewCore/Combat/Skills/Execution/AreaAttackExecutor.cs","14","public override bool Execute(InGameCombatManager combat, SkillExecutionRequest request, SkillExecutionPlan plan)"
"Pakuri/Assets/Scripts/NewCore/Combat/Skills/Execution/BuffExecutor.cs","9","internal sealed class BuffExecutor : SkillExecutor"
"Pakuri/Assets/Scripts/NewCore/Combat/Skills/Execution/BuffExecutor.cs","11","public BuffExecutor(GameDefinitionCatalog catalog, SkillTargeting targeting, SkillActorManager actors, EffectManager effects, Func<float> randomValue)"
"Pakuri/Assets/Scripts/NewCore/Combat/Skills/Execution/BuffExecutor.cs","14","public override bool Execute(InGameCombatManager combat, SkillExecutionRequest request, SkillExecutionPlan plan)"
"Pakuri/Assets/Scripts/NewCore/Combat/Skills/Execution/HealExecutor.cs","8","internal sealed class HealExecutor : SkillExecutor"
"Pakuri/Assets/Scripts/NewCore/Combat/Skills/Execution/HealExecutor.cs","10","public HealExecutor(GameDefinitionCatalog catalog, SkillTargeting targeting, SkillActorManager actors, EffectManager effects, Func<float> randomValue)"
"Pakuri/Assets/Scripts/NewCore/Combat/Skills/Execution/HealExecutor.cs","13","public override bool Execute(InGameCombatManager combat, SkillExecutionRequest request, SkillExecutionPlan plan)"
"Pakuri/Assets/Scripts/NewCore/Combat/Skills/Execution/LineAttackExecutor.cs","10","internal sealed class LineAttackExecutor : SkillExecutor"
"Pakuri/Assets/Scripts/NewCore/Combat/Skills/Execution/LineAttackExecutor.cs","12","public LineAttackExecutor(GameDefinitionCatalog catalog, SkillTargeting targeting, SkillActorManager actors, EffectManager effects, Func<float> randomValue)"
"Pakuri/Assets/Scripts/NewCore/Combat/Skills/Execution/LineAttackExecutor.cs","15","public override bool Execute(InGameCombatManager combat, SkillExecutionRequest request, SkillExecutionPlan plan)"
"Pakuri/Assets/Scripts/NewCore/Combat/Skills/Execution/PassiveExecutor.cs","8","internal sealed class PassiveExecutor : SkillExecutor"
"Pakuri/Assets/Scripts/NewCore/Combat/Skills/Execution/PassiveExecutor.cs","10","public PassiveExecutor(GameDefinitionCatalog catalog, SkillTargeting targeting, SkillActorManager actors, EffectManager effects, Func<float> randomValue)"
"Pakuri/Assets/Scripts/NewCore/Combat/Skills/Execution/PassiveExecutor.cs","13","public override bool Execute(InGameCombatManager combat, SkillExecutionRequest request, SkillExecutionPlan plan)"
"Pakuri/Assets/Scripts/NewCore/Combat/Skills/Execution/ProjectileExecutor.cs","10","internal sealed class ProjectileExecutor : SkillExecutor"
"Pakuri/Assets/Scripts/NewCore/Combat/Skills/Execution/ProjectileExecutor.cs","12","public ProjectileExecutor("
"Pakuri/Assets/Scripts/NewCore/Combat/Skills/Execution/ProjectileExecutor.cs","22","public override bool Execute("
"Pakuri/Assets/Scripts/NewCore/Combat/Skills/Execution/ShieldExecutor.cs","8","internal sealed class ShieldExecutor : SkillExecutor"
"Pakuri/Assets/Scripts/NewCore/Combat/Skills/Execution/ShieldExecutor.cs","10","public ShieldExecutor(GameDefinitionCatalog catalog, SkillTargeting targeting, SkillActorManager actors, EffectManager effects, Func<float> randomValue)"
"Pakuri/Assets/Scripts/NewCore/Combat/Skills/Execution/ShieldExecutor.cs","13","public override bool Execute(InGameCombatManager combat, SkillExecutionRequest request, SkillExecutionPlan plan)"
"Pakuri/Assets/Scripts/NewCore/Combat/Skills/Execution/SingleAttackExecutor.cs","10","internal sealed class SingleAttackExecutor : SkillExecutor"
"Pakuri/Assets/Scripts/NewCore/Combat/Skills/Execution/SingleAttackExecutor.cs","12","public SingleAttackExecutor(GameDefinitionCatalog catalog, SkillTargeting targeting, SkillActorManager actors, EffectManager effects, Func<float> randomValue)"
"Pakuri/Assets/Scripts/NewCore/Combat/Skills/Execution/SingleAttackExecutor.cs","15","public override bool Execute(InGameCombatManager combat, SkillExecutionRequest request, SkillExecutionPlan plan)"
"Pakuri/Assets/Scripts/NewCore/Combat/Skills/Execution/SkillEffectGraphRuntime.cs","14","public sealed class SkillEffectGraphRuntime"
"Pakuri/Assets/Scripts/NewCore/Combat/Skills/Execution/SkillEffectGraphRuntime.cs","23","public SkillEffectGraphRuntime("
"Pakuri/Assets/Scripts/NewCore/Combat/Skills/Execution/SkillEffectGraphRuntime.cs","38","public void ExecuteOwnedGraphs("
"Pakuri/Assets/Scripts/NewCore/Combat/Skills/Execution/SkillEffectGraphRuntime.cs","97","public void ExecuteTriggerGraph("
"Pakuri/Assets/Scripts/NewCore/Combat/Skills/Execution/SkillExecutionPlan.cs","12","internal sealed class SkillExecutionPlan"
"Pakuri/Assets/Scripts/NewCore/Combat/Skills/Execution/SkillExecutionPlan.cs","36","public static SkillExecutionPlan Create("
"Pakuri/Assets/Scripts/NewCore/Combat/Skills/Execution/SkillExecutionPlan.cs","135","public float ResolveDamageMultiplier("
"Pakuri/Assets/Scripts/NewCore/Combat/Skills/Execution/SkillExecutionPlan.cs","225","public bool CanExecute()"
"Pakuri/Assets/Scripts/NewCore/Combat/Skills/Execution/SkillExecutionPlan.cs","265","public IReadOnlyList<UnitBaseModel> FilterTargets("
"Pakuri/Assets/Scripts/NewCore/Combat/Skills/Execution/SkillExecutionPlan.cs","309","public float ResolveDamageDelayMultiplier()"
"Pakuri/Assets/Scripts/NewCore/Combat/Skills/Execution/SkillExecutionPlan.cs","315","public float ResolveKnockbackMultiplier()"
"Pakuri/Assets/Scripts/NewCore/Combat/Skills/Execution/SkillExecutionPlan.cs","321","public int ResolveMagazineBonus()"
"Pakuri/Assets/Scripts/NewCore/Combat/Skills/Execution/SkillExecutionPlan.cs","327","public float ResolveRadius(float baseRadius)"
"Pakuri/Assets/Scripts/NewCore/Combat/Skills/Execution/SkillExecutionPlan.cs","351","public float ResolveDuration(float baseDuration)"
"Pakuri/Assets/Scripts/NewCore/Combat/Skills/Execution/SkillExecutionPlan.cs","374","public float ResolveStatusDuration("
"Pakuri/Assets/Scripts/NewCore/Combat/Skills/Execution/SkillExecutionPlan.cs","393","public int ResolveStatusStacks(string statusId, int baseStacks)"
"Pakuri/Assets/Scripts/NewCore/Combat/Skills/Execution/SkillExecutionPlan.cs","420","public int ResolveBurstStatusStacks("
"Pakuri/Assets/Scripts/NewCore/Combat/Skills/Execution/SkillExecutionPlan.cs","452","public IEnumerable<string> AdditionalStatusIds()"
"Pakuri/Assets/Scripts/NewCore/Combat/Skills/Execution/SkillExecutionPlan.cs","487","public float ResolveCriticalChanceBonus(UnitBaseModel target)"
"Pakuri/Assets/Scripts/NewCore/Combat/Skills/Execution/SkillExecutionPlan.cs","511","public float ResolveCriticalDamageBonus(UnitBaseModel target)"
"Pakuri/Assets/Scripts/NewCore/Combat/Skills/Execution/SkillExecutionPlan.cs","531","public int ResolveAdditionalProjectiles()"
"Pakuri/Assets/Scripts/NewCore/Combat/Skills/Execution/SkillExecutionPlan.cs","537","public int ResolveFollowUpProjectileCount()"
"Pakuri/Assets/Scripts/NewCore/Combat/Skills/Execution/SkillExecutionPlan.cs","543","public float ResolveFollowUpProjectileDelay()"
"Pakuri/Assets/Scripts/NewCore/Combat/Skills/Execution/SkillExecutionPlan.cs","549","public float ResolveFollowUpProjectileMultiplier()"
"Pakuri/Assets/Scripts/NewCore/Combat/Skills/Execution/SkillExecutionPlan.cs","555","public float ResolveTargetStatusStackDamageRateBonus(string statusId)"
"Pakuri/Assets/Scripts/NewCore/Combat/Skills/Execution/SkillExecutionPlan.cs","572","public int ResolvePierceBonus()"
"Pakuri/Assets/Scripts/NewCore/Combat/Skills/Execution/SkillExecutionPlan.cs","578","public int ResolveHitTargetCountBonus()"
"Pakuri/Assets/Scripts/NewCore/Combat/Skills/Execution/SkillExecutionPlan.cs","584","public int ResolveRepeatCount()"
"Pakuri/Assets/Scripts/NewCore/Combat/Skills/Execution/SkillExecutionPlan.cs","590","public float ResolveRepeatInterval()"
"Pakuri/Assets/Scripts/NewCore/Combat/Skills/Execution/SkillExecutionPlan.cs","596","public float ResolveRepeatDamageMultiplier()"
"Pakuri/Assets/Scripts/NewCore/Combat/Skills/Execution/SkillExecutionPlan.cs","602","public float ResolveShotIntervalMultiplier()"
"Pakuri/Assets/Scripts/NewCore/Combat/Skills/Execution/SkillExecutionPlan.cs","608","public float ResolveCooldownMultiplier()"
"Pakuri/Assets/Scripts/NewCore/Combat/Skills/Execution/SkillExecutionPlan.cs","614","public float ResolveReloadMultiplier()"
"Pakuri/Assets/Scripts/NewCore/Combat/Skills/Execution/SkillExecutionPlan.cs","620","public float ResolveCooldownRefundRatio()"
"Pakuri/Assets/Scripts/NewCore/Combat/Skills/Execution/SkillExecutionPlan.cs","630","public bool ShouldResetCooldown()"
"Pakuri/Assets/Scripts/NewCore/Combat/Skills/Execution/SkillExecutionPlan.cs","648","public float ResolveShieldMultiplier()"
"Pakuri/Assets/Scripts/NewCore/Combat/Skills/Execution/SkillExecutionPlan.cs","654","public float ResolveTriggerProcChanceBonus(string triggerId)"
"Pakuri/Assets/Scripts/NewCore/Combat/Skills/Execution/SkillExecutionPlan.cs","669","internal IReadOnlyList<ChoiceNodeDefinition> Nodes => nodes;"
"Pakuri/Assets/Scripts/NewCore/Combat/Skills/Execution/SkillExecutionPlan.cs","795","public bool IsExecuteConditionMet(UnitBaseModel target)"
"Pakuri/Assets/Scripts/NewCore/Combat/Skills/Execution/SkillExecutionPlan.cs","913","internal void ReportConsumed(ChoiceNodeDefinition node)"
"Pakuri/Assets/Scripts/NewCore/Combat/Skills/Execution/SkillExecutionRequest.cs","9","public sealed class SkillExecutionRequest"
"Pakuri/Assets/Scripts/NewCore/Combat/Skills/Execution/SkillExecutionRequest.cs","12","public SkillExecutionRequest("
"Pakuri/Assets/Scripts/NewCore/Combat/Skills/Execution/SkillExecutionRequest.cs","31","public UnitBaseModel Caster { get; }"
"Pakuri/Assets/Scripts/NewCore/Combat/Skills/Execution/SkillExecutionRequest.cs","33","public SkillDefinition Skill { get; }"
"Pakuri/Assets/Scripts/NewCore/Combat/Skills/Execution/SkillExecutionRequest.cs","35","public IReadOnlyList<UnitBaseModel> RegisteredUnits { get; }"
"Pakuri/Assets/Scripts/NewCore/Combat/Skills/Execution/SkillExecutionRequest.cs","37","public CombatVector2? AimDirection { get; }"
"Pakuri/Assets/Scripts/NewCore/Combat/Skills/Execution/SkillExecutionRequest.cs","39","public CombatVector2? TargetPoint { get; }"
"Pakuri/Assets/Scripts/NewCore/Combat/Skills/Execution/SkillExecutionRequest.cs","41","public bool IsTriggered { get; }"
"Pakuri/Assets/Scripts/NewCore/Combat/Skills/Execution/SkillExecutionRequest.cs","43","public string HitZone { get; }"
"Pakuri/Assets/Scripts/NewCore/Combat/Skills/Execution/SkillExecutionRequest.cs","45","public UnitBaseModel EventTarget { get; private set; }"
"Pakuri/Assets/Scripts/NewCore/Combat/Skills/Execution/SkillExecutionRequest.cs","47","public IReadOnlyList<UnitBaseModel> AppliedTargets => appliedTargets;"
"Pakuri/Assets/Scripts/NewCore/Combat/Skills/Execution/SkillExecutionRequest.cs","54","internal Action<UnitBaseModel> HitCompleted { get; set; }"
"Pakuri/Assets/Scripts/NewCore/Combat/Skills/Execution/SkillExecutionRequest.cs","56","internal Action<UnitBaseModel> TargetDefeated { get; set; }"
"Pakuri/Assets/Scripts/NewCore/Combat/Skills/Execution/SkillExecutionRequest.cs","58","internal int DefeatedTargetCount { get; private set; }"
"Pakuri/Assets/Scripts/NewCore/Combat/Skills/Execution/SkillExecutionRequest.cs","60","internal IReadOnlyCollection<string> TriggerAncestry =>"
"Pakuri/Assets/Scripts/NewCore/Combat/Skills/Execution/SkillExecutionRequest.cs","63","internal string TriggerSourceSkillId { get; private set; }"
"Pakuri/Assets/Scripts/NewCore/Combat/Skills/Execution/SkillExecutionRequest.cs","66","public void SetEventTarget(UnitBaseModel target)"
"Pakuri/Assets/Scripts/NewCore/Combat/Skills/Execution/SkillExecutionRequest.cs","72","internal void RecordAppliedTarget(UnitBaseModel target)"
"Pakuri/Assets/Scripts/NewCore/Combat/Skills/Execution/SkillExecutionRequest.cs","81","internal void NotifyHitCompleted(UnitBaseModel target)"
"Pakuri/Assets/Scripts/NewCore/Combat/Skills/Execution/SkillExecutionRequest.cs","89","internal void NotifyTargetDefeated(UnitBaseModel target)"
"Pakuri/Assets/Scripts/NewCore/Combat/Skills/Execution/SkillExecutionRequest.cs","96","internal void InheritTriggerAncestry("
"Pakuri/Assets/Scripts/NewCore/Combat/Skills/Execution/SkillExecutionRuntime.cs","11","public sealed class SkillExecutionRuntime"
"Pakuri/Assets/Scripts/NewCore/Combat/Skills/Execution/SkillExecutionRuntime.cs","27","public SkillExecutionRuntime("
"Pakuri/Assets/Scripts/NewCore/Combat/Skills/Execution/SkillExecutionRuntime.cs","59","public SkillTriggerDispatcher Triggers { get; }"
"Pakuri/Assets/Scripts/NewCore/Combat/Skills/Execution/SkillExecutionRuntime.cs","61","public event Action<Definitions.Choices.ChoiceNodeDefinition>"
"Pakuri/Assets/Scripts/NewCore/Combat/Skills/Execution/SkillExecutionRuntime.cs","65","public void ApplyPassives("
"Pakuri/Assets/Scripts/NewCore/Combat/Skills/Execution/SkillExecutionRuntime.cs","106","public void ResetCombat()"
"Pakuri/Assets/Scripts/NewCore/Combat/Skills/Execution/SkillExecutionRuntime.cs","130","public bool TryExecute(InGameCombatManager combat, SkillExecutionRequest request)"
"Pakuri/Assets/Scripts/NewCore/Combat/Skills/Execution/SkillExecutor.cs","15","internal abstract class SkillExecutor"
"Pakuri/Assets/Scripts/NewCore/Combat/Skills/Execution/SkillExecutor.cs","18","protected SkillExecutor("
"Pakuri/Assets/Scripts/NewCore/Combat/Skills/Execution/SkillExecutor.cs","32","protected GameDefinitionCatalog Catalog { get; }"
"Pakuri/Assets/Scripts/NewCore/Combat/Skills/Execution/SkillExecutor.cs","34","protected SkillTargeting Targeting { get; }"
"Pakuri/Assets/Scripts/NewCore/Combat/Skills/Execution/SkillExecutor.cs","36","protected SkillActorManager Actors { get; }"
"Pakuri/Assets/Scripts/NewCore/Combat/Skills/Execution/SkillExecutor.cs","38","protected EffectManager Effects { get; }"
"Pakuri/Assets/Scripts/NewCore/Combat/Skills/Execution/SkillExecutor.cs","40","protected Func<float> RandomValue { get; }"
"Pakuri/Assets/Scripts/NewCore/Combat/Skills/Execution/SkillExecutor.cs","46","public abstract bool Execute("
"Pakuri/Assets/Scripts/NewCore/Combat/Skills/Execution/SkillExecutor.cs","52","protected IReadOnlyList<UnitBaseModel> ResolveTargets(SkillExecutionRequest request)"
"Pakuri/Assets/Scripts/NewCore/Combat/Skills/Execution/SkillExecutor.cs","62","protected IReadOnlyList<UnitBaseModel> ResolveTargets("
"Pakuri/Assets/Scripts/NewCore/Combat/Skills/Execution/SkillExecutor.cs","75","protected EffectHandle CreateEffectAt("
"Pakuri/Assets/Scripts/NewCore/Combat/Skills/Execution/SkillExecutor.cs","124","protected void RegisterImpactEffect("
"Pakuri/Assets/Scripts/NewCore/Combat/Skills/Execution/SkillExecutor.cs","161","protected void ApplyStatuses("
"Pakuri/Assets/Scripts/NewCore/Combat/Skills/Execution/SkillExecutor.cs","216","protected static void CompleteHit("
"Pakuri/Assets/Scripts/NewCore/Combat/Skills/Execution/SkillExecutor.cs","224","protected void ApplyDamageWithNodes("
"Pakuri/Assets/Scripts/NewCore/Combat/Skills/Execution/SkillExecutor.cs","670","protected void ApplyPlanStatusModifiers("
"Pakuri/Assets/Scripts/NewCore/Combat/Skills/Execution/SkillNodeSupport.cs","7","public enum SkillNodeBehavior"
"Pakuri/Assets/Scripts/NewCore/Combat/Skills/Execution/SkillNodeSupport.cs","19","public static class SkillNodeSupport"
"Pakuri/Assets/Scripts/NewCore/Combat/Skills/Execution/SkillNodeSupport.cs","22","public static SkillNodeBehavior Resolve(string handlerId)"
"Pakuri/Assets/Scripts/NewCore/Combat/Skills/Execution/SkillNodeSupport.cs","107","public static SkillNodeRuntimeOwner ResolveRuntimeOwner("
"Pakuri/Assets/Scripts/NewCore/Combat/Skills/Execution/SkillNodeSupport.cs","288","public enum SkillNodeRuntimeOwner"
"Pakuri/Assets/Scripts/NewCore/Combat/Skills/Execution/SkillTargeting.cs","8","public readonly struct CombatFootprint"
"Pakuri/Assets/Scripts/NewCore/Combat/Skills/Execution/SkillTargeting.cs","10","public CombatFootprint(float halfWidth, float halfHeight)"
"Pakuri/Assets/Scripts/NewCore/Combat/Skills/Execution/SkillTargeting.cs","15","public CombatFootprint("
"Pakuri/Assets/Scripts/NewCore/Combat/Skills/Execution/SkillTargeting.cs","35","public CombatVector2 CenterOffset { get; }"
"Pakuri/Assets/Scripts/NewCore/Combat/Skills/Execution/SkillTargeting.cs","37","public float HalfWidth { get; }"
"Pakuri/Assets/Scripts/NewCore/Combat/Skills/Execution/SkillTargeting.cs","39","public float HalfHeight { get; }"
"Pakuri/Assets/Scripts/NewCore/Combat/Skills/Execution/SkillTargeting.cs","42","public readonly struct ProjectileIntersection"
"Pakuri/Assets/Scripts/NewCore/Combat/Skills/Execution/SkillTargeting.cs","44","public ProjectileIntersection("
"Pakuri/Assets/Scripts/NewCore/Combat/Skills/Execution/SkillTargeting.cs","54","public UnitBaseModel Target { get; }"
"Pakuri/Assets/Scripts/NewCore/Combat/Skills/Execution/SkillTargeting.cs","56","public float SegmentFraction { get; }"
"Pakuri/Assets/Scripts/NewCore/Combat/Skills/Execution/SkillTargeting.cs","58","public CombatVector2 Position { get; }"
"Pakuri/Assets/Scripts/NewCore/Combat/Skills/Execution/SkillTargeting.cs","61","public sealed class SkillTargeting"
"Pakuri/Assets/Scripts/NewCore/Combat/Skills/Execution/SkillTargeting.cs","66","public SkillTargeting("
"Pakuri/Assets/Scripts/NewCore/Combat/Skills/Execution/SkillTargeting.cs","75","public IReadOnlyList<UnitBaseModel> Resolve("
"Pakuri/Assets/Scripts/NewCore/Combat/Skills/Execution/SkillTargeting.cs","89","public IReadOnlyList<UnitBaseModel> Resolve("
"Pakuri/Assets/Scripts/NewCore/Combat/Skills/Execution/SkillTargeting.cs","158","public UnitBaseModel FindNearestLiving("
"Pakuri/Assets/Scripts/NewCore/Combat/Skills/Execution/SkillTargeting.cs","192","public IReadOnlyList<UnitBaseModel> ResolveOrderedAll("
"Pakuri/Assets/Scripts/NewCore/Combat/Skills/Execution/SkillTargeting.cs","215","public IReadOnlyList<UnitBaseModel> InRadius("
"Pakuri/Assets/Scripts/NewCore/Combat/Skills/Execution/SkillTargeting.cs","247","public IReadOnlyList<ProjectileIntersection> ResolveProjectileIntersections("
"Pakuri/Assets/Scripts/NewCore/Combat/Skills/Execution/SkillTargeting.cs","634","internal static float ReadFloat(SkillDefinition skill, string column)"
"Pakuri/Assets/Scripts/NewCore/Combat/Skills/Execution/SkillTargeting.cs","641","internal static int ReadInt(SkillDefinition skill, string column)"
"Pakuri/Assets/Scripts/NewCore/Combat/Skills/Execution/SkillTargeting.cs","648","internal static string ReadString(SkillDefinition skill, string column)"
"Pakuri/Assets/Scripts/NewCore/Combat/Skills/Execution/SkillTriggerDispatcher.cs","12","public enum SkillTriggerEvaluationResult"
"Pakuri/Assets/Scripts/NewCore/Combat/Skills/Execution/SkillTriggerDispatcher.cs","21","public sealed class SkillTriggerDispatcher"
"Pakuri/Assets/Scripts/NewCore/Combat/Skills/Execution/SkillTriggerDispatcher.cs","38","public SkillTriggerDispatcher("
"Pakuri/Assets/Scripts/NewCore/Combat/Skills/Execution/SkillTriggerDispatcher.cs","60","public event Action<"
"Pakuri/Assets/Scripts/NewCore/Combat/Skills/Execution/SkillTriggerDispatcher.cs","67","public void Tick(float deltaTime)"
"Pakuri/Assets/Scripts/NewCore/Combat/Skills/Execution/SkillTriggerDispatcher.cs","81","public void Reset()"
"Pakuri/Assets/Scripts/NewCore/Combat/Skills/Execution/SkillTriggerDispatcher.cs","89","public int Dispatch("
"Pakuri/Assets/Scripts/NewCore/Combat/Skills/Execution/SkillTriggerSupport.cs","7","public static class SkillTriggerSupport"
"Pakuri/Assets/Scripts/NewCore/Combat/Skills/Execution/SkillTriggerSupport.cs","10","public static void Validate(SkillTriggerDefinition trigger)"
"Pakuri/Assets/Scripts/NewCore/Combat/Skills/Execution/SkillTriggerSupport.cs","54","internal static string Read(SkillTriggerDefinition trigger, string column)"
"Pakuri/Assets/Scripts/NewCore/Combat/Skills/Execution/SkillTriggerSupport.cs","62","internal static float Float(SkillTriggerDefinition trigger, string column)"
"Pakuri/Assets/Scripts/NewCore/Combat/Skills/Execution/SkillTriggerSupport.cs","71","internal static int Int(SkillTriggerDefinition trigger, string column)"
"Pakuri/Assets/Scripts/NewCore/Combat/Skills/Runtime/EnemySkillBucket.cs","7","public sealed class EnemySkillBucket : SkillBucket"
"Pakuri/Assets/Scripts/NewCore/Combat/Skills/Runtime/EnemySkillBucket.cs","9","public const int ActiveSkillSlotLimit = 2;"
"Pakuri/Assets/Scripts/NewCore/Combat/Skills/Runtime/EnemySkillBucket.cs","10","public const int PassiveSkillSlotLimit = 1;"
"Pakuri/Assets/Scripts/NewCore/Combat/Skills/Runtime/EnemySkillBucket.cs","12","public EnemySkillBucket("
"Pakuri/Assets/Scripts/NewCore/Combat/Skills/Runtime/EnemySkillBucket.cs","44","public EnemyDefinition OwnerDefinition { get; }"
"Pakuri/Assets/Scripts/NewCore/Combat/Skills/Runtime/EnemySkillBucket.cs","46","public SkillDefinition SlotASkill { get; }"
"Pakuri/Assets/Scripts/NewCore/Combat/Skills/Runtime/EnemySkillBucket.cs","48","public SkillDefinition SlotBSkill { get; }"
"Pakuri/Assets/Scripts/NewCore/Combat/Skills/Runtime/EnemySkillBucket.cs","50","public PassiveDefinition PassiveSkill { get; }"
"Pakuri/Assets/Scripts/NewCore/Combat/Skills/Runtime/MonsterSkillBucket.cs","10","public sealed class MonsterSkillBucket : SkillBucket"
"Pakuri/Assets/Scripts/NewCore/Combat/Skills/Runtime/MonsterSkillBucket.cs","12","public const int MaximumActiveSkills = 3;"
"Pakuri/Assets/Scripts/NewCore/Combat/Skills/Runtime/MonsterSkillBucket.cs","13","public const int MaximumPassiveSkills = 5;"
"Pakuri/Assets/Scripts/NewCore/Combat/Skills/Runtime/MonsterSkillBucket.cs","14","public const int MaximumActiveEnhancementsPerSkill = 3;"
"Pakuri/Assets/Scripts/NewCore/Combat/Skills/Runtime/MonsterSkillBucket.cs","15","public const int MaximumActiveMastersPerSkill = 1;"
"Pakuri/Assets/Scripts/NewCore/Combat/Skills/Runtime/MonsterSkillBucket.cs","16","public const int MaximumPassiveEnhancementsPerSkill = 3;"
"Pakuri/Assets/Scripts/NewCore/Combat/Skills/Runtime/MonsterSkillBucket.cs","24","public MonsterSkillBucket("
"Pakuri/Assets/Scripts/NewCore/Combat/Skills/Runtime/MonsterSkillBucket.cs","45","public MonsterDefinition OwnerDefinition { get; }"
"Pakuri/Assets/Scripts/NewCore/Combat/Skills/Runtime/MonsterSkillBucket.cs","47","public IReadOnlyList<SkillChoiceDefinition> SelectedChoices =>"
"Pakuri/Assets/Scripts/NewCore/Combat/Skills/Runtime/MonsterSkillBucket.cs","50","public bool CanLearnActive(SkillDefinition definition)"
"Pakuri/Assets/Scripts/NewCore/Combat/Skills/Runtime/MonsterSkillBucket.cs","58","public bool TryLearnActive(SkillDefinition definition)"
"Pakuri/Assets/Scripts/NewCore/Combat/Skills/Runtime/MonsterSkillBucket.cs","69","public bool CanLearnPassive(PassiveDefinition definition)"
"Pakuri/Assets/Scripts/NewCore/Combat/Skills/Runtime/MonsterSkillBucket.cs","77","public bool TryLearnPassive(PassiveDefinition definition)"
"Pakuri/Assets/Scripts/NewCore/Combat/Skills/Runtime/MonsterSkillBucket.cs","88","public bool CanSelectChoice(SkillChoiceDefinition choice)"
"Pakuri/Assets/Scripts/NewCore/Combat/Skills/Runtime/MonsterSkillBucket.cs","131","public bool TrySelectChoice(SkillChoiceDefinition choice)"
"Pakuri/Assets/Scripts/NewCore/Combat/Skills/Runtime/SkillBucket.cs","8","public abstract class SkillBucket"
"Pakuri/Assets/Scripts/NewCore/Combat/Skills/Runtime/SkillBucket.cs","18","protected SkillBucket()"
"Pakuri/Assets/Scripts/NewCore/Combat/Skills/Runtime/SkillBucket.cs","26","public IReadOnlyList<SkillDefinition> ActiveSkills => readOnlyActiveSkills;"
"Pakuri/Assets/Scripts/NewCore/Combat/Skills/Runtime/SkillBucket.cs","28","public IReadOnlyList<PassiveDefinition> PassiveSkills => readOnlyPassiveSkills;"
"Pakuri/Assets/Scripts/NewCore/Combat/Skills/Runtime/SkillBucket.cs","30","public IReadOnlyDictionary<string, SkillCooldown> Cooldowns => readOnlyCooldowns;"
"Pakuri/Assets/Scripts/NewCore/Combat/Skills/Runtime/SkillBucket.cs","32","public SkillCooldown GetCooldown(string skillId)"
"Pakuri/Assets/Scripts/NewCore/Combat/Skills/Runtime/SkillBucket.cs","47","public void TickCooldowns(float deltaTime)"
"Pakuri/Assets/Scripts/NewCore/Combat/Skills/Runtime/SkillBucket.cs","55","public void ResetRuntimeState()"
"Pakuri/Assets/Scripts/NewCore/Combat/Skills/Runtime/SkillBucket.cs","63","protected void RegisterActive(SkillDefinition definition)"
"Pakuri/Assets/Scripts/NewCore/Combat/Skills/Runtime/SkillBucket.cs","77","protected void RegisterPassive(PassiveDefinition definition)"
"Pakuri/Assets/Scripts/NewCore/Combat/Skills/Runtime/SkillCooldown.cs","6","public sealed class SkillCooldown"
"Pakuri/Assets/Scripts/NewCore/Combat/Skills/Runtime/SkillCooldown.cs","16","public SkillCooldown(SkillDefinition definition)"
"Pakuri/Assets/Scripts/NewCore/Combat/Skills/Runtime/SkillCooldown.cs","51","public SkillDefinition Definition { get; }"
"Pakuri/Assets/Scripts/NewCore/Combat/Skills/Runtime/SkillCooldown.cs","53","public float RemainingCooldown { get; private set; }"
"Pakuri/Assets/Scripts/NewCore/Combat/Skills/Runtime/SkillCooldown.cs","55","public int? CurrentMagazine { get; private set; }"
"Pakuri/Assets/Scripts/NewCore/Combat/Skills/Runtime/SkillCooldown.cs","57","public float RemainingReload { get; private set; }"
"Pakuri/Assets/Scripts/NewCore/Combat/Skills/Runtime/SkillCooldown.cs","59","public float RemainingShotInterval { get; private set; }"
"Pakuri/Assets/Scripts/NewCore/Combat/Skills/Runtime/SkillCooldown.cs","61","public bool IsReloading => RemainingReload > 0f;"
"Pakuri/Assets/Scripts/NewCore/Combat/Skills/Runtime/SkillCooldown.cs","63","public bool CanUse()"
"Pakuri/Assets/Scripts/NewCore/Combat/Skills/Runtime/SkillCooldown.cs","71","public bool TryUse()"
"Pakuri/Assets/Scripts/NewCore/Combat/Skills/Runtime/SkillCooldown.cs","92","public void Tick(float deltaTime)"
"Pakuri/Assets/Scripts/NewCore/Combat/Skills/Runtime/SkillCooldown.cs","107","public void ResetForNextRound()"
"Pakuri/Assets/Scripts/NewCore/Combat/Skills/Runtime/SkillCooldown.cs","115","public void ReduceCooldown(float ratio)"
"Pakuri/Assets/Scripts/NewCore/Combat/Skills/Runtime/SkillCooldown.cs","121","public void ReduceReload(float ratio)"
"Pakuri/Assets/Scripts/NewCore/Combat/Skills/Runtime/SkillCooldown.cs","136","public void ScaleCooldown(float multiplier)"
"Pakuri/Assets/Scripts/NewCore/Combat/Skills/Runtime/SkillCooldown.cs","142","public void ScaleReload(float multiplier)"
"Pakuri/Assets/Scripts/NewCore/Combat/Skills/Runtime/SkillCooldown.cs","148","public void ScaleShotInterval(float multiplier)"
"Pakuri/Assets/Scripts/NewCore/Combat/Skills/Runtime/SkillCooldown.cs","154","public void ResetCooldown()"
"Pakuri/Assets/Scripts/NewCore/Combat/Skills/Runtime/SkillCooldown.cs","159","public void SetMagazineBonus(int bonus)"
"Pakuri/Assets/Scripts/NewCore/Combat/Status/RuntimeCombatModifier.cs","6","public sealed class RuntimeCombatModifier"
"Pakuri/Assets/Scripts/NewCore/Combat/Status/RuntimeCombatModifier.cs","8","internal RuntimeCombatModifier("
"Pakuri/Assets/Scripts/NewCore/Combat/Status/RuntimeCombatModifier.cs","36","public string Kind { get; }"
"Pakuri/Assets/Scripts/NewCore/Combat/Status/RuntimeCombatModifier.cs","38","public float Value { get; }"
"Pakuri/Assets/Scripts/NewCore/Combat/Status/RuntimeCombatModifier.cs","40","public string Filter { get; }"
"Pakuri/Assets/Scripts/NewCore/Combat/Status/RuntimeCombatModifier.cs","42","public string SecondaryFilter { get; }"
"Pakuri/Assets/Scripts/NewCore/Combat/Status/RuntimeCombatModifier.cs","44","public UnitBaseModel Source { get; }"
"Pakuri/Assets/Scripts/NewCore/Combat/Status/RuntimeCombatModifier.cs","46","public float RemainingDuration { get; private set; }"
"Pakuri/Assets/Scripts/NewCore/Combat/Status/RuntimeCombatModifier.cs","48","public bool IsExpired => RemainingDuration <= 0f;"
"Pakuri/Assets/Scripts/NewCore/Combat/Status/RuntimeCombatModifier.cs","50","internal void Tick(float deltaTime)"
"Pakuri/Assets/Scripts/NewCore/Combat/Status/StatusEffect.cs","7","public sealed class StatusEffect"
"Pakuri/Assets/Scripts/NewCore/Combat/Status/StatusEffect.cs","9","internal StatusEffect("
"Pakuri/Assets/Scripts/NewCore/Combat/Status/StatusEffect.cs","29","public StatusDefinition Definition { get; }"
"Pakuri/Assets/Scripts/NewCore/Combat/Status/StatusEffect.cs","31","public UnitBaseModel ApplyingUnit { get; }"
"Pakuri/Assets/Scripts/NewCore/Combat/Status/StatusEffect.cs","33","public UnitBaseModel AffectedUnit { get; }"
"Pakuri/Assets/Scripts/NewCore/Combat/Status/StatusEffect.cs","35","public float? RemainingDuration { get; private set; }"
"Pakuri/Assets/Scripts/NewCore/Combat/Status/StatusEffect.cs","37","public int CurrentStacks { get; private set; }"
"Pakuri/Assets/Scripts/NewCore/Combat/Status/StatusEffect.cs","39","public string SourceSkillId { get; }"
"Pakuri/Assets/Scripts/NewCore/Combat/Status/StatusEffect.cs","41","public int? MaximumStacks { get; private set; }"
"Pakuri/Assets/Scripts/NewCore/Combat/Status/StatusEffect.cs","43","public float TrackedIncomingDamage { get; private set; }"
"Pakuri/Assets/Scripts/NewCore/Combat/Status/StatusEffect.cs","45","public string LastTrackedAttribute { get; private set; }"
"Pakuri/Assets/Scripts/NewCore/Combat/Status/StatusEffect.cs","47","public bool IsPermanent => Definition.is_permanent == true;"
"Pakuri/Assets/Scripts/NewCore/Combat/Status/StatusEffect.cs","49","public bool IsExpired =>"
"Pakuri/Assets/Scripts/NewCore/Combat/Status/StatusEffect.cs","52","internal void Refresh("
"Pakuri/Assets/Scripts/NewCore/Combat/Status/StatusEffect.cs","72","internal void Tick(float deltaTime)"
"Pakuri/Assets/Scripts/NewCore/Combat/Status/StatusEffect.cs","82","public void Extend(float durationSeconds)"
"Pakuri/Assets/Scripts/NewCore/Combat/Status/StatusEffect.cs","96","internal int RemoveStacks(int amount)"
"Pakuri/Assets/Scripts/NewCore/Combat/Status/StatusEffect.cs","107","internal void TrackIncomingDamage(string attribute, float amount)"
"Pakuri/Assets/Scripts/NewCore/Core/Bootstrap/GameBootstrap.cs","8","public sealed class GameBootstrap"
"Pakuri/Assets/Scripts/NewCore/Core/Bootstrap/GameBootstrap.cs","10","public GameBootstrap(IReadOnlyDictionary<string, string> retainedCsvFiles)"
"Pakuri/Assets/Scripts/NewCore/Core/Bootstrap/GameBootstrap.cs","20","public GameDefinitionCatalog Catalog { get; }"
"Pakuri/Assets/Scripts/NewCore/Core/Catalog/GameDefinitionCatalog.cs","15","public sealed class GameDefinitionCatalog"
"Pakuri/Assets/Scripts/NewCore/Core/Catalog/GameDefinitionCatalog.cs","33","internal GameDefinitionCatalog("
"Pakuri/Assets/Scripts/NewCore/Core/Catalog/GameDefinitionCatalog.cs","87","public int SourceFileCount { get; }"
"Pakuri/Assets/Scripts/NewCore/Core/Catalog/GameDefinitionCatalog.cs","89","public int SchemaFileCount { get; }"
"Pakuri/Assets/Scripts/NewCore/Core/Catalog/GameDefinitionCatalog.cs","91","public IReadOnlyList<CsvDefinition> AllDefinitions => allDefinitions;"
"Pakuri/Assets/Scripts/NewCore/Core/Catalog/GameDefinitionCatalog.cs","93","public IReadOnlyList<CatalogMonsterDefinition> CatalogMonsters => catalogMonsters;"
"Pakuri/Assets/Scripts/NewCore/Core/Catalog/GameDefinitionCatalog.cs","95","public IReadOnlyList<MonsterModifierSkillChoiceDefinition> ModifierChoices =>"
"Pakuri/Assets/Scripts/NewCore/Core/Catalog/GameDefinitionCatalog.cs","98","public IReadOnlyList<ChoiceNodeDefinition> ChoiceNodes => choiceNodes;"
"Pakuri/Assets/Scripts/NewCore/Core/Catalog/GameDefinitionCatalog.cs","100","public IReadOnlyList<NodeParamDefinition> NodeParams => nodeParams;"
"Pakuri/Assets/Scripts/NewCore/Core/Catalog/GameDefinitionCatalog.cs","102","public IReadOnlyList<StageEncounterDefinition> StageEncounters => stageEncounters;"
"Pakuri/Assets/Scripts/NewCore/Core/Catalog/GameDefinitionCatalog.cs","104","public IReadOnlyDictionary<string, SkillDefinition> Skills => skills;"
"Pakuri/Assets/Scripts/NewCore/Core/Catalog/GameDefinitionCatalog.cs","106","public IReadOnlyDictionary<string, SkillChoiceDefinition> Choices => choices;"
"Pakuri/Assets/Scripts/NewCore/Core/Catalog/GameDefinitionCatalog.cs","108","public IReadOnlyDictionary<string, SkillTriggerDefinition> Triggers => triggers;"
"Pakuri/Assets/Scripts/NewCore/Core/Catalog/GameDefinitionCatalog.cs","110","public IReadOnlyDictionary<string, NodeTypeDefinition> NodeTypes => nodeTypes;"
"Pakuri/Assets/Scripts/NewCore/Core/Catalog/GameDefinitionCatalog.cs","112","public IReadOnlyDictionary<string, MonsterDefinition> Monsters => monsters;"
"Pakuri/Assets/Scripts/NewCore/Core/Catalog/GameDefinitionCatalog.cs","114","public IReadOnlyDictionary<string, EnemyDefinition> Enemies => enemies;"
"Pakuri/Assets/Scripts/NewCore/Core/Catalog/GameDefinitionCatalog.cs","116","public IReadOnlyDictionary<string, StatusDefinition> Statuses => statuses;"
"Pakuri/Assets/Scripts/NewCore/Core/Catalog/GameDefinitionCatalog.cs","118","public IReadOnlyDictionary<string, StageDayDefinition> StageDays => stageDays;"
"Pakuri/Assets/Scripts/NewCore/Core/Catalog/GameDefinitionCatalog.cs","120","public IReadOnlyDictionary<string, StageRewardDefinition> StageRewards => stageRewards;"
"Pakuri/Assets/Scripts/NewCore/Core/Catalog/GameDefinitionCatalog.cs","122","public SkillDefinition GetSkill(string skillId)"
"Pakuri/Assets/Scripts/NewCore/Core/Catalog/GameDefinitionCatalog.cs","127","public MonsterDefinition GetMonster(string monsterId)"
"Pakuri/Assets/Scripts/NewCore/Core/Catalog/GameDefinitionCatalog.cs","132","public EnemyDefinition GetEnemy(string enemyId)"
"Pakuri/Assets/Scripts/NewCore/Core/Catalog/GameDefinitionCatalog.cs","137","public StatusDefinition GetStatus(string statusId)"
"Pakuri/Assets/Scripts/NewCore/Core/Catalog/GameDefinitionCatalog.cs","142","public SkillChoiceDefinition GetChoice(string choiceId)"
"Pakuri/Assets/Scripts/NewCore/Core/Definitions/Choices/ChoiceNodeDefinition.cs","3","public sealed class ChoiceNodeDefinition : CsvDefinition"
"Pakuri/Assets/Scripts/NewCore/Core/Definitions/Choices/ChoiceNodeDefinition.cs","5","internal ChoiceNodeDefinition(CsvDefinitionData data)"
"Pakuri/Assets/Scripts/NewCore/Core/Definitions/Choices/ChoiceNodeDefinition.cs","16","public string monster_id => RequiredString(nameof(monster_id));"
"Pakuri/Assets/Scripts/NewCore/Core/Definitions/Choices/ChoiceNodeDefinition.cs","18","public string owner_kind => RequiredString(nameof(owner_kind));"
"Pakuri/Assets/Scripts/NewCore/Core/Definitions/Choices/ChoiceNodeDefinition.cs","20","public string owner_id => RequiredString(nameof(owner_id));"
"Pakuri/Assets/Scripts/NewCore/Core/Definitions/Choices/ChoiceNodeDefinition.cs","22","public string graph_kind => RequiredString(nameof(graph_kind));"
"Pakuri/Assets/Scripts/NewCore/Core/Definitions/Choices/ChoiceNodeDefinition.cs","24","public int? graph_index => OptionalInt(nameof(graph_index));"
"Pakuri/Assets/Scripts/NewCore/Core/Definitions/Choices/ChoiceNodeDefinition.cs","26","public string target_skill_id => OptionalString(nameof(target_skill_id));"
"Pakuri/Assets/Scripts/NewCore/Core/Definitions/Choices/ChoiceNodeDefinition.cs","28","public int? node_order => OptionalInt(nameof(node_order));"
"Pakuri/Assets/Scripts/NewCore/Core/Definitions/Choices/ChoiceNodeDefinition.cs","30","public string node_type_id => RequiredString(nameof(node_type_id));"
"Pakuri/Assets/Scripts/NewCore/Core/Definitions/Choices/ChoiceNodeDefinition.cs","32","public string arg_1 => OptionalString(nameof(arg_1));"
"Pakuri/Assets/Scripts/NewCore/Core/Definitions/Choices/ChoiceNodeDefinition.cs","34","public string arg_2 => OptionalString(nameof(arg_2));"
"Pakuri/Assets/Scripts/NewCore/Core/Definitions/Choices/ChoiceNodeDefinition.cs","36","public string arg_3 => OptionalString(nameof(arg_3));"
"Pakuri/Assets/Scripts/NewCore/Core/Definitions/Choices/ChoiceNodeDefinition.cs","38","public string arg_4 => OptionalString(nameof(arg_4));"
"Pakuri/Assets/Scripts/NewCore/Core/Definitions/Choices/ChoiceNodeDefinition.cs","40","public string arg_5 => OptionalString(nameof(arg_5));"
"Pakuri/Assets/Scripts/NewCore/Core/Definitions/Choices/ChoiceNodeDefinition.cs","42","public string arg_6 => OptionalString(nameof(arg_6));"
"Pakuri/Assets/Scripts/NewCore/Core/Definitions/Choices/ChoiceNodeDefinition.cs","44","public string arg_7 => OptionalString(nameof(arg_7));"
"Pakuri/Assets/Scripts/NewCore/Core/Definitions/Choices/ChoiceNodeDefinition.cs","46","public string arg_8 => OptionalString(nameof(arg_8));"
"Pakuri/Assets/Scripts/NewCore/Core/Definitions/Choices/ChoiceNodeDefinition.cs","48","public string arg_9 => OptionalString(nameof(arg_9));"
"Pakuri/Assets/Scripts/NewCore/Core/Definitions/Choices/ChoiceNodeDefinition.cs","50","public string arg_10 => OptionalString(nameof(arg_10));"
"Pakuri/Assets/Scripts/NewCore/Core/Definitions/Choices/ChoiceNodeDefinition.cs","52","public string arg_11 => OptionalString(nameof(arg_11));"
"Pakuri/Assets/Scripts/NewCore/Core/Definitions/Choices/ChoiceNodeDefinition.cs","54","public string arg_12 => OptionalString(nameof(arg_12));"
"Pakuri/Assets/Scripts/NewCore/Core/Definitions/Choices/ChoiceNodeDefinition.cs","56","public string excludes_active_choice_id =>"
"Pakuri/Assets/Scripts/NewCore/Core/Definitions/Choices/MonsterModifierSkillChoiceDefinition.cs","3","public sealed class MonsterModifierSkillChoiceDefinition : CsvDefinition"
"Pakuri/Assets/Scripts/NewCore/Core/Definitions/Choices/MonsterModifierSkillChoiceDefinition.cs","5","internal MonsterModifierSkillChoiceDefinition(CsvDefinitionData data)"
"Pakuri/Assets/Scripts/NewCore/Core/Definitions/Choices/MonsterModifierSkillChoiceDefinition.cs","11","public string choice_id => RequiredString(nameof(choice_id));"
"Pakuri/Assets/Scripts/NewCore/Core/Definitions/Choices/MonsterModifierSkillChoiceDefinition.cs","13","public string monster_id => RequiredString(nameof(monster_id));"
"Pakuri/Assets/Scripts/NewCore/Core/Definitions/Choices/MonsterModifierSkillChoiceDefinition.cs","15","public string active_skill_id => OptionalString(nameof(active_skill_id));"
"Pakuri/Assets/Scripts/NewCore/Core/Definitions/Choices/MonsterModifierSkillChoiceDefinition.cs","17","public string passive_skill_id => OptionalString(nameof(passive_skill_id));"
"Pakuri/Assets/Scripts/NewCore/Core/Definitions/Choices/MonsterModifierSkillChoiceDefinition.cs","19","public int? sort_order => OptionalInt(nameof(sort_order));"
"Pakuri/Assets/Scripts/NewCore/Core/Definitions/Choices/NodeParamDefinition.cs","3","public sealed class NodeParamDefinition : CsvDefinition"
"Pakuri/Assets/Scripts/NewCore/Core/Definitions/Choices/NodeParamDefinition.cs","5","internal NodeParamDefinition(CsvDefinitionData data)"
"Pakuri/Assets/Scripts/NewCore/Core/Definitions/Choices/NodeParamDefinition.cs","11","public string node_type_id => RequiredString(nameof(node_type_id));"
"Pakuri/Assets/Scripts/NewCore/Core/Definitions/Choices/NodeParamDefinition.cs","13","public int? param_order => OptionalInt(nameof(param_order));"
"Pakuri/Assets/Scripts/NewCore/Core/Definitions/Choices/NodeParamDefinition.cs","15","public string param_key => RequiredString(nameof(param_key));"
"Pakuri/Assets/Scripts/NewCore/Core/Definitions/Choices/NodeParamDefinition.cs","17","public string value_type => RequiredString(nameof(value_type));"
"Pakuri/Assets/Scripts/NewCore/Core/Definitions/Choices/NodeParamDefinition.cs","19","public bool? required => OptionalBool(nameof(required));"
"Pakuri/Assets/Scripts/NewCore/Core/Definitions/Choices/NodeParamDefinition.cs","21","public string allowed_values => OptionalString(nameof(allowed_values));"
"Pakuri/Assets/Scripts/NewCore/Core/Definitions/Choices/NodeTypeDefinition.cs","3","public sealed class NodeTypeDefinition : CsvDefinition"
"Pakuri/Assets/Scripts/NewCore/Core/Definitions/Choices/NodeTypeDefinition.cs","5","internal NodeTypeDefinition(CsvDefinitionData data)"
"Pakuri/Assets/Scripts/NewCore/Core/Definitions/Choices/NodeTypeDefinition.cs","11","public string node_type_id => RequiredString(nameof(node_type_id));"
"Pakuri/Assets/Scripts/NewCore/Core/Definitions/Choices/NodeTypeDefinition.cs","13","public string handler_id => RequiredString(nameof(handler_id));"
"Pakuri/Assets/Scripts/NewCore/Core/Definitions/Choices/NodeTypeDefinition.cs","15","public string node_kind => RequiredString(nameof(node_kind));"
"Pakuri/Assets/Scripts/NewCore/Core/Definitions/Choices/NodeTypeDefinition.cs","17","public string runtime_support_state => OptionalString(nameof(runtime_support_state));"
"Pakuri/Assets/Scripts/NewCore/Core/Definitions/Choices/NodeTypeDefinition.cs","19","public string runtime_support_notes => OptionalString(nameof(runtime_support_notes));"
"Pakuri/Assets/Scripts/NewCore/Core/Definitions/Choices/SkillChoiceDefinition.cs","3","public sealed class SkillChoiceDefinition : CsvDefinition"
"Pakuri/Assets/Scripts/NewCore/Core/Definitions/Choices/SkillChoiceDefinition.cs","5","internal SkillChoiceDefinition(CsvDefinitionData data)"
"Pakuri/Assets/Scripts/NewCore/Core/Definitions/Choices/SkillChoiceDefinition.cs","17","public string choice_id => RequiredString(nameof(choice_id));"
"Pakuri/Assets/Scripts/NewCore/Core/Definitions/Choices/SkillChoiceDefinition.cs","19","public string skill_id => RequiredString(nameof(skill_id));"
"Pakuri/Assets/Scripts/NewCore/Core/Definitions/Choices/SkillChoiceDefinition.cs","21","public string monster_id => RequiredString(nameof(monster_id));"
"Pakuri/Assets/Scripts/NewCore/Core/Definitions/Choices/SkillChoiceDefinition.cs","23","public string target_skill_id => OptionalString(nameof(target_skill_id));"
"Pakuri/Assets/Scripts/NewCore/Core/Definitions/Choices/SkillChoiceDefinition.cs","25","public string choice_group => RequiredString(nameof(choice_group));"
"Pakuri/Assets/Scripts/NewCore/Core/Definitions/Choices/SkillChoiceDefinition.cs","27","public int? sort_order => OptionalInt(nameof(sort_order));"
"Pakuri/Assets/Scripts/NewCore/Core/Definitions/Choices/SkillChoiceDefinition.cs","29","public string title => RequiredString(nameof(title));"
"Pakuri/Assets/Scripts/NewCore/Core/Definitions/Choices/SkillChoiceDefinition.cs","31","public string description_text => RequiredString(nameof(description_text));"
"Pakuri/Assets/Scripts/NewCore/Core/Definitions/CsvDefinition.cs","8","public abstract class CsvDefinition"
"Pakuri/Assets/Scripts/NewCore/Core/Definitions/CsvDefinition.cs","13","internal CsvDefinition(CsvDefinitionData data)"
"Pakuri/Assets/Scripts/NewCore/Core/Definitions/CsvDefinition.cs","24","public string SourcePath { get; }"
"Pakuri/Assets/Scripts/NewCore/Core/Definitions/CsvDefinition.cs","26","public int SourceRecordNumber { get; }"
"Pakuri/Assets/Scripts/NewCore/Core/Definitions/CsvDefinition.cs","28","public bool HasSchemaRow { get; }"
"Pakuri/Assets/Scripts/NewCore/Core/Definitions/CsvDefinition.cs","30","public IReadOnlyDictionary<string, string> Schema => schema;"
"Pakuri/Assets/Scripts/NewCore/Core/Definitions/CsvDefinition.cs","32","public IReadOnlyDictionary<string, object> Columns => columns;"
"Pakuri/Assets/Scripts/NewCore/Core/Definitions/CsvDefinition.cs","34","protected string RequiredString(string columnName)"
"Pakuri/Assets/Scripts/NewCore/Core/Definitions/CsvDefinition.cs","46","protected void ValidateRequired(params string[] columnNames)"
"Pakuri/Assets/Scripts/NewCore/Core/Definitions/CsvDefinition.cs","54","protected string OptionalString(string columnName)"
"Pakuri/Assets/Scripts/NewCore/Core/Definitions/CsvDefinition.cs","64","protected int? OptionalInt(string columnName)"
"Pakuri/Assets/Scripts/NewCore/Core/Definitions/CsvDefinition.cs","74","protected float? OptionalFloat(string columnName)"
"Pakuri/Assets/Scripts/NewCore/Core/Definitions/CsvDefinition.cs","84","protected bool? OptionalBool(string columnName)"
"Pakuri/Assets/Scripts/NewCore/Core/Definitions/CsvDefinition.cs","95","internal sealed class CsvDefinitionData"
"Pakuri/Assets/Scripts/NewCore/Core/Definitions/CsvDefinition.cs","97","internal CsvDefinitionData("
"Pakuri/Assets/Scripts/NewCore/Core/Definitions/CsvDefinition.cs","111","public string SourcePath { get; }"
"Pakuri/Assets/Scripts/NewCore/Core/Definitions/CsvDefinition.cs","113","public int SourceRecordNumber { get; }"
"Pakuri/Assets/Scripts/NewCore/Core/Definitions/CsvDefinition.cs","115","public bool HasSchemaRow { get; }"
"Pakuri/Assets/Scripts/NewCore/Core/Definitions/CsvDefinition.cs","117","public IReadOnlyDictionary<string, string> Schema { get; }"
"Pakuri/Assets/Scripts/NewCore/Core/Definitions/CsvDefinition.cs","119","public IReadOnlyDictionary<string, object> Columns { get; }"
"Pakuri/Assets/Scripts/NewCore/Core/Definitions/Skills/AreaAttackDefinition.cs","3","public sealed class AreaAttackDefinition : SkillDefinition"
"Pakuri/Assets/Scripts/NewCore/Core/Definitions/Skills/AreaAttackDefinition.cs","5","internal AreaAttackDefinition(CsvDefinitionData data)"
"Pakuri/Assets/Scripts/NewCore/Core/Definitions/Skills/BuffDefinition.cs","3","public sealed class BuffDefinition : SkillDefinition"
"Pakuri/Assets/Scripts/NewCore/Core/Definitions/Skills/BuffDefinition.cs","5","internal BuffDefinition(CsvDefinitionData data)"
"Pakuri/Assets/Scripts/NewCore/Core/Definitions/Skills/HealDefinition.cs","3","public sealed class HealDefinition : SkillDefinition"
"Pakuri/Assets/Scripts/NewCore/Core/Definitions/Skills/HealDefinition.cs","5","internal HealDefinition(CsvDefinitionData data)"
"Pakuri/Assets/Scripts/NewCore/Core/Definitions/Skills/LineAttackDefinition.cs","3","public sealed class LineAttackDefinition : SkillDefinition"
"Pakuri/Assets/Scripts/NewCore/Core/Definitions/Skills/LineAttackDefinition.cs","5","internal LineAttackDefinition(CsvDefinitionData data)"
"Pakuri/Assets/Scripts/NewCore/Core/Definitions/Skills/PassiveDefinition.cs","3","public sealed class PassiveDefinition : SkillDefinition"
"Pakuri/Assets/Scripts/NewCore/Core/Definitions/Skills/PassiveDefinition.cs","5","internal PassiveDefinition(CsvDefinitionData data)"
"Pakuri/Assets/Scripts/NewCore/Core/Definitions/Skills/PassiveDefinition.cs","10","public string modifier_kind => OptionalString(nameof(modifier_kind));"
"Pakuri/Assets/Scripts/NewCore/Core/Definitions/Skills/PassiveDefinition.cs","12","public float? modifier_value => OptionalFloat(nameof(modifier_value));"
"Pakuri/Assets/Scripts/NewCore/Core/Definitions/Skills/ProjectileDefinition.cs","3","public sealed class ProjectileDefinition : SkillDefinition"
"Pakuri/Assets/Scripts/NewCore/Core/Definitions/Skills/ProjectileDefinition.cs","5","internal ProjectileDefinition(CsvDefinitionData data)"
"Pakuri/Assets/Scripts/NewCore/Core/Definitions/Skills/ProjectileDefinition.cs","10","public int? magazine_capacity => OptionalInt(nameof(magazine_capacity));"
"Pakuri/Assets/Scripts/NewCore/Core/Definitions/Skills/ProjectileDefinition.cs","12","public float? reload_seconds => OptionalFloat(nameof(reload_seconds));"
"Pakuri/Assets/Scripts/NewCore/Core/Definitions/Skills/ProjectileDefinition.cs","14","public float? shot_interval_seconds => OptionalFloat(nameof(shot_interval_seconds));"
"Pakuri/Assets/Scripts/NewCore/Core/Definitions/Skills/ProjectileDefinition.cs","16","public int? projectile_burst_count => OptionalInt(nameof(projectile_burst_count));"
"Pakuri/Assets/Scripts/NewCore/Core/Definitions/Skills/ProjectileDefinition.cs","18","public float? projectile_speed => OptionalFloat(nameof(projectile_speed));"
"Pakuri/Assets/Scripts/NewCore/Core/Definitions/Skills/ProjectileDefinition.cs","20","public int? pierce_count => OptionalInt(nameof(pierce_count));"
"Pakuri/Assets/Scripts/NewCore/Core/Definitions/Skills/ProjectileDefinition.cs","22","public bool? critical_allowed => OptionalBool(nameof(critical_allowed));"
"Pakuri/Assets/Scripts/NewCore/Core/Definitions/Skills/ProjectileDefinition.cs","24","public string target_selection => OptionalString(nameof(target_selection));"
"Pakuri/Assets/Scripts/NewCore/Core/Definitions/Skills/ProjectileDefinition.cs","26","public string runtime_visual_sprite_path => OptionalString(nameof(runtime_visual_sprite_path));"
"Pakuri/Assets/Scripts/NewCore/Core/Definitions/Skills/ProjectileDefinition.cs","28","public string runtime_impact_visual_sprite_path =>"
"Pakuri/Assets/Scripts/NewCore/Core/Definitions/Skills/ShieldDefinition.cs","3","public sealed class ShieldDefinition : SkillDefinition"
"Pakuri/Assets/Scripts/NewCore/Core/Definitions/Skills/ShieldDefinition.cs","5","internal ShieldDefinition(CsvDefinitionData data)"
"Pakuri/Assets/Scripts/NewCore/Core/Definitions/Skills/SingleAttackDefinition.cs","3","public sealed class SingleAttackDefinition : SkillDefinition"
"Pakuri/Assets/Scripts/NewCore/Core/Definitions/Skills/SingleAttackDefinition.cs","5","internal SingleAttackDefinition(CsvDefinitionData data)"
"Pakuri/Assets/Scripts/NewCore/Core/Definitions/Skills/SkillDefinition.cs","3","public abstract class SkillDefinition : CsvDefinition"
"Pakuri/Assets/Scripts/NewCore/Core/Definitions/Skills/SkillDefinition.cs","5","internal SkillDefinition(CsvDefinitionData data)"
"Pakuri/Assets/Scripts/NewCore/Core/Definitions/Skills/SkillDefinition.cs","11","public string skill_id => RequiredString(nameof(skill_id));"
"Pakuri/Assets/Scripts/NewCore/Core/Definitions/Skills/SkillDefinition.cs","13","public string monster_id => OptionalString(nameof(monster_id));"
"Pakuri/Assets/Scripts/NewCore/Core/Definitions/Skills/SkillDefinition.cs","15","public string skill_kind => OptionalString(nameof(skill_kind));"
"Pakuri/Assets/Scripts/NewCore/Core/Definitions/Skills/SkillDefinition.cs","17","public string slot => OptionalString(nameof(slot));"
"Pakuri/Assets/Scripts/NewCore/Core/Definitions/Skills/SkillDefinition.cs","19","public string display_name => OptionalString(nameof(display_name));"
"Pakuri/Assets/Scripts/NewCore/Core/Definitions/Skills/SkillDefinition.cs","21","public string runtime_kind => OptionalString(nameof(runtime_kind));"
"Pakuri/Assets/Scripts/NewCore/Core/Definitions/Skills/SkillDefinition.cs","23","public string description_text => OptionalString(nameof(description_text));"
"Pakuri/Assets/Scripts/NewCore/Core/Definitions/Skills/SkillDefinition.cs","25","public string summary => OptionalString(nameof(summary));"
"Pakuri/Assets/Scripts/NewCore/Core/Definitions/Skills/SkillDefinition.cs","27","public string attribute => OptionalString(nameof(attribute));"
"Pakuri/Assets/Scripts/NewCore/Core/Definitions/Skills/SkillDefinition.cs","29","public float? base_damage => OptionalFloat(nameof(base_damage));"
"Pakuri/Assets/Scripts/NewCore/Core/Definitions/Skills/SkillDefinition.cs","31","public float? attack_power_coefficient => OptionalFloat(nameof(attack_power_coefficient));"
"Pakuri/Assets/Scripts/NewCore/Core/Definitions/Skills/SkillDefinition.cs","33","public float? spell_power_coefficient => OptionalFloat(nameof(spell_power_coefficient));"
"Pakuri/Assets/Scripts/NewCore/Core/Definitions/Skills/SkillDefinition.cs","35","public float? cooldown_seconds => OptionalFloat(nameof(cooldown_seconds));"
"Pakuri/Assets/Scripts/NewCore/Core/Definitions/Skills/SkillDefinition.cs","37","public string status_effect_id => OptionalString(nameof(status_effect_id));"
"Pakuri/Assets/Scripts/NewCore/Core/Definitions/Skills/SkillTriggerDefinition.cs","3","public sealed class SkillTriggerDefinition : CsvDefinition"
"Pakuri/Assets/Scripts/NewCore/Core/Definitions/Skills/SkillTriggerDefinition.cs","5","internal SkillTriggerDefinition(CsvDefinitionData data)"
"Pakuri/Assets/Scripts/NewCore/Core/Definitions/Skills/SkillTriggerDefinition.cs","15","public string trigger_id => RequiredString(nameof(trigger_id));"
"Pakuri/Assets/Scripts/NewCore/Core/Definitions/Skills/SkillTriggerDefinition.cs","17","public string monster_id => OptionalString(nameof(monster_id));"
"Pakuri/Assets/Scripts/NewCore/Core/Definitions/Skills/SkillTriggerDefinition.cs","19","public string source_skill_id => RequiredString(nameof(source_skill_id));"
"Pakuri/Assets/Scripts/NewCore/Core/Definitions/Skills/SkillTriggerDefinition.cs","21","public string trigger_event => RequiredString(nameof(trigger_event));"
"Pakuri/Assets/Scripts/NewCore/Core/Definitions/Skills/SkillTriggerDefinition.cs","23","public string triggered_skill_id => OptionalString(nameof(triggered_skill_id));"
"Pakuri/Assets/Scripts/NewCore/Core/Definitions/Skills/SkillTriggerDefinition.cs","25","public string runtime_kind => RequiredString(nameof(runtime_kind));"
"Pakuri/Assets/Scripts/NewCore/Core/Definitions/Skills/SkillTriggerDefinition.cs","27","public int? sort_order => OptionalInt(nameof(sort_order));"
"Pakuri/Assets/Scripts/NewCore/Core/Definitions/Skills/SkillTriggerDefinition.cs","29","public string target_side => OptionalString(nameof(target_side));"
"Pakuri/Assets/Scripts/NewCore/Core/Definitions/Skills/SkillTriggerDefinition.cs","31","public string target_selection => OptionalString(nameof(target_selection));"
"Pakuri/Assets/Scripts/NewCore/Core/Definitions/Skills/SkillTriggerDefinition.cs","33","public string target_shape => OptionalString(nameof(target_shape));"
"Pakuri/Assets/Scripts/NewCore/Core/Definitions/Skills/SkillTriggerDefinition.cs","35","public string center_mode => OptionalString(nameof(center_mode));"
"Pakuri/Assets/Scripts/NewCore/Core/Definitions/Skills/SkillTriggerDefinition.cs","37","public float? proc_chance => OptionalFloat(nameof(proc_chance));"
"Pakuri/Assets/Scripts/NewCore/Core/Definitions/Skills/SkillTriggerDefinition.cs","39","public string trigger_action => OptionalString(nameof(trigger_action));"
"Pakuri/Assets/Scripts/NewCore/Core/Definitions/Skills/SkillTriggerDefinition.cs","41","public float? internal_cooldown_seconds =>"
"Pakuri/Assets/Scripts/NewCore/Core/Definitions/Stage/StageDayDefinition.cs","3","public sealed class StageDayDefinition : StageDefinition"
"Pakuri/Assets/Scripts/NewCore/Core/Definitions/Stage/StageDayDefinition.cs","5","internal StageDayDefinition(CsvDefinitionData data)"
"Pakuri/Assets/Scripts/NewCore/Core/Definitions/Stage/StageDayDefinition.cs","15","public int? stage => OptionalInt(nameof(stage));"
"Pakuri/Assets/Scripts/NewCore/Core/Definitions/Stage/StageDayDefinition.cs","17","public int? day => OptionalInt(nameof(day));"
"Pakuri/Assets/Scripts/NewCore/Core/Definitions/Stage/StageDayDefinition.cs","19","public string day_key => RequiredString(nameof(day_key));"
"Pakuri/Assets/Scripts/NewCore/Core/Definitions/Stage/StageDayDefinition.cs","21","public string combat_type => RequiredString(nameof(combat_type));"
"Pakuri/Assets/Scripts/NewCore/Core/Definitions/Stage/StageDayDefinition.cs","23","public string encounter_id => RequiredString(nameof(encounter_id));"
"Pakuri/Assets/Scripts/NewCore/Core/Definitions/Stage/StageDayDefinition.cs","25","public string reward_rule_id => RequiredString(nameof(reward_rule_id));"
"Pakuri/Assets/Scripts/NewCore/Core/Definitions/Stage/StageDayDefinition.cs","27","public float? elite_option_chance => OptionalFloat(nameof(elite_option_chance));"
"Pakuri/Assets/Scripts/NewCore/Core/Definitions/Stage/StageDayDefinition.cs","29","public bool? shop_option_enabled => OptionalBool(nameof(shop_option_enabled));"
"Pakuri/Assets/Scripts/NewCore/Core/Definitions/Stage/StageDayDefinition.cs","31","public bool? event_roll_enabled => OptionalBool(nameof(event_roll_enabled));"
"Pakuri/Assets/Scripts/NewCore/Core/Definitions/Stage/StageDayDefinition.cs","33","public string notes => OptionalString(nameof(notes));"
"Pakuri/Assets/Scripts/NewCore/Core/Definitions/Stage/StageDefinition.cs","3","public abstract class StageDefinition : CsvDefinition"
"Pakuri/Assets/Scripts/NewCore/Core/Definitions/Stage/StageDefinition.cs","5","internal StageDefinition(CsvDefinitionData data)"
"Pakuri/Assets/Scripts/NewCore/Core/Definitions/Stage/StageEncounterDefinition.cs","3","public sealed class StageEncounterDefinition : StageDefinition"
"Pakuri/Assets/Scripts/NewCore/Core/Definitions/Stage/StageEncounterDefinition.cs","5","internal StageEncounterDefinition(CsvDefinitionData data)"
"Pakuri/Assets/Scripts/NewCore/Core/Definitions/Stage/StageEncounterDefinition.cs","11","public string encounter_id => RequiredString(nameof(encounter_id));"
"Pakuri/Assets/Scripts/NewCore/Core/Definitions/Stage/StageEncounterDefinition.cs","13","public int? spawn_order => OptionalInt(nameof(spawn_order));"
"Pakuri/Assets/Scripts/NewCore/Core/Definitions/Stage/StageEncounterDefinition.cs","15","public string enemy_id => RequiredString(nameof(enemy_id));"
"Pakuri/Assets/Scripts/NewCore/Core/Definitions/Stage/StageEncounterDefinition.cs","17","public int? count => OptionalInt(nameof(count));"
"Pakuri/Assets/Scripts/NewCore/Core/Definitions/Stage/StageEncounterDefinition.cs","19","public float? interval_sec => OptionalFloat(nameof(interval_sec));"
"Pakuri/Assets/Scripts/NewCore/Core/Definitions/Stage/StageEncounterDefinition.cs","21","public float? spawn_x => OptionalFloat(nameof(spawn_x));"
"Pakuri/Assets/Scripts/NewCore/Core/Definitions/Stage/StageEncounterDefinition.cs","23","public float? spawn_y_min => OptionalFloat(nameof(spawn_y_min));"
"Pakuri/Assets/Scripts/NewCore/Core/Definitions/Stage/StageEncounterDefinition.cs","25","public float? spawn_y_max => OptionalFloat(nameof(spawn_y_max));"
"Pakuri/Assets/Scripts/NewCore/Core/Definitions/Stage/StageEncounterDefinition.cs","27","public bool? is_boss_candidate => OptionalBool(nameof(is_boss_candidate));"
"Pakuri/Assets/Scripts/NewCore/Core/Definitions/Stage/StageEncounterDefinition.cs","29","public bool? is_guaranteed_boss => OptionalBool(nameof(is_guaranteed_boss));"
"Pakuri/Assets/Scripts/NewCore/Core/Definitions/Stage/StageEncounterDefinition.cs","31","public float? boss_health_multiplier_min =>"
"Pakuri/Assets/Scripts/NewCore/Core/Definitions/Stage/StageEncounterDefinition.cs","34","public float? boss_health_multiplier_max =>"
"Pakuri/Assets/Scripts/NewCore/Core/Definitions/Stage/StageEncounterDefinition.cs","37","public bool? guaranteed_prisoner => OptionalBool(nameof(guaranteed_prisoner));"
"Pakuri/Assets/Scripts/NewCore/Core/Definitions/Stage/StageEncounterDefinition.cs","39","public string notes => OptionalString(nameof(notes));"
"Pakuri/Assets/Scripts/NewCore/Core/Definitions/Stage/StageRewardDefinition.cs","3","public sealed class StageRewardDefinition : StageDefinition"
"Pakuri/Assets/Scripts/NewCore/Core/Definitions/Stage/StageRewardDefinition.cs","5","internal StageRewardDefinition(CsvDefinitionData data)"
"Pakuri/Assets/Scripts/NewCore/Core/Definitions/Stage/StageRewardDefinition.cs","14","public string reward_rule_id => RequiredString(nameof(reward_rule_id));"
"Pakuri/Assets/Scripts/NewCore/Core/Definitions/Stage/StageRewardDefinition.cs","16","public string combat_type => RequiredString(nameof(combat_type));"
"Pakuri/Assets/Scripts/NewCore/Core/Definitions/Stage/StageRewardDefinition.cs","18","public int? stage => OptionalInt(nameof(stage));"
"Pakuri/Assets/Scripts/NewCore/Core/Definitions/Stage/StageRewardDefinition.cs","20","public int? gold => OptionalInt(nameof(gold));"
"Pakuri/Assets/Scripts/NewCore/Core/Definitions/Stage/StageRewardDefinition.cs","22","public int? dark_trace => OptionalInt(nameof(dark_trace));"
"Pakuri/Assets/Scripts/NewCore/Core/Definitions/Stage/StageRewardDefinition.cs","24","public float? prisoner_count_1_chance =>"
"Pakuri/Assets/Scripts/NewCore/Core/Definitions/Stage/StageRewardDefinition.cs","27","public float? prisoner_count_2_chance =>"
"Pakuri/Assets/Scripts/NewCore/Core/Definitions/Stage/StageRewardDefinition.cs","30","public float? prisoner_count_3_chance =>"
"Pakuri/Assets/Scripts/NewCore/Core/Definitions/Stage/StageRewardDefinition.cs","33","public float? manifest_success_chance =>"
"Pakuri/Assets/Scripts/NewCore/Core/Definitions/Stage/StageRewardDefinition.cs","36","public int? elite_bonus_prisoners => OptionalInt(nameof(elite_bonus_prisoners));"
"Pakuri/Assets/Scripts/NewCore/Core/Definitions/Stage/StageRewardDefinition.cs","38","public int? artifact_choice_count => OptionalInt(nameof(artifact_choice_count));"
"Pakuri/Assets/Scripts/NewCore/Core/Definitions/Stage/StageRewardDefinition.cs","40","public string guaranteed_prisoner_source =>"
"Pakuri/Assets/Scripts/NewCore/Core/Definitions/Stage/StageRewardDefinition.cs","43","public string notes => OptionalString(nameof(notes));"
"Pakuri/Assets/Scripts/NewCore/Core/Definitions/Status/StatusDefinition.cs","3","public sealed class StatusDefinition : CsvDefinition"
"Pakuri/Assets/Scripts/NewCore/Core/Definitions/Status/StatusDefinition.cs","5","internal StatusDefinition(CsvDefinitionData data)"
"Pakuri/Assets/Scripts/NewCore/Core/Definitions/Status/StatusDefinition.cs","15","public string status_effect_id => RequiredString(nameof(status_effect_id));"
"Pakuri/Assets/Scripts/NewCore/Core/Definitions/Status/StatusDefinition.cs","17","public string status_effect_label => RequiredString(nameof(status_effect_label));"
"Pakuri/Assets/Scripts/NewCore/Core/Definitions/Status/StatusDefinition.cs","19","public string effect_type => RequiredString(nameof(effect_type));"
"Pakuri/Assets/Scripts/NewCore/Core/Definitions/Status/StatusDefinition.cs","21","public string attribute => RequiredString(nameof(attribute));"
"Pakuri/Assets/Scripts/NewCore/Core/Definitions/Status/StatusDefinition.cs","23","public float? default_duration_seconds => OptionalFloat(nameof(default_duration_seconds));"
"Pakuri/Assets/Scripts/NewCore/Core/Definitions/Status/StatusDefinition.cs","25","public bool? is_permanent => OptionalBool(nameof(is_permanent));"
"Pakuri/Assets/Scripts/NewCore/Core/Definitions/Status/StatusDefinition.cs","27","public int? max_stacks => OptionalInt(nameof(max_stacks));"
"Pakuri/Assets/Scripts/NewCore/Core/Definitions/Status/StatusDefinition.cs","29","public int? base_stack_amount => OptionalInt(nameof(base_stack_amount));"
"Pakuri/Assets/Scripts/NewCore/Core/Definitions/Status/StatusDefinition.cs","31","public bool? can_move => OptionalBool(nameof(can_move));"
"Pakuri/Assets/Scripts/NewCore/Core/Definitions/Status/StatusDefinition.cs","33","public bool? can_act => OptionalBool(nameof(can_act));"
"Pakuri/Assets/Scripts/NewCore/Core/Definitions/Status/StatusDefinition.cs","35","public bool? can_use_special_skill => OptionalBool(nameof(can_use_special_skill));"
"Pakuri/Assets/Scripts/NewCore/Core/Definitions/Status/StatusDefinition.cs","37","public float? action_speed_bonus_per_stack =>"
"Pakuri/Assets/Scripts/NewCore/Core/Definitions/Status/StatusDefinition.cs","40","public float? move_speed_bonus_per_stack =>"
"Pakuri/Assets/Scripts/NewCore/Core/Definitions/Status/StatusDefinition.cs","43","public float? attack_power_bonus_per_stack =>"
"Pakuri/Assets/Scripts/NewCore/Core/Definitions/Status/StatusDefinition.cs","46","public float? damage_taken_bonus_per_stack =>"
"Pakuri/Assets/Scripts/NewCore/Core/Definitions/Status/StatusDefinition.cs","49","public float? critical_damage_taken_bonus_per_stack =>"
"Pakuri/Assets/Scripts/NewCore/Core/Definitions/Status/StatusDefinition.cs","52","public float? critical_resistance_bonus_per_stack =>"
"Pakuri/Assets/Scripts/NewCore/Core/Definitions/Status/StatusDefinition.cs","55","public float? element_resist_reduction_per_stack =>"
"Pakuri/Assets/Scripts/NewCore/Core/Definitions/Status/StatusDefinition.cs","58","public float? element_damage_taken_bonus_per_stack =>"
"Pakuri/Assets/Scripts/NewCore/Core/Definitions/Status/StatusDefinition.cs","61","public string status_effect_prefab_path =>"
"Pakuri/Assets/Scripts/NewCore/Core/Definitions/Units/CatalogMonsterDefinition.cs","3","public sealed class CatalogMonsterDefinition : CsvDefinition"
"Pakuri/Assets/Scripts/NewCore/Core/Definitions/Units/CatalogMonsterDefinition.cs","5","internal CatalogMonsterDefinition(CsvDefinitionData data)"
"Pakuri/Assets/Scripts/NewCore/Core/Definitions/Units/CatalogMonsterDefinition.cs","11","public string id => RequiredString(nameof(id));"
"Pakuri/Assets/Scripts/NewCore/Core/Definitions/Units/CatalogMonsterDefinition.cs","13","public string monster_id => RequiredString(nameof(monster_id));"
"Pakuri/Assets/Scripts/NewCore/Core/Definitions/Units/CatalogMonsterDefinition.cs","15","public int? sort_order => OptionalInt(nameof(sort_order));"
"Pakuri/Assets/Scripts/NewCore/Core/Definitions/Units/EnemyDefinition.cs","3","public sealed class EnemyDefinition : UnitDefinition"
"Pakuri/Assets/Scripts/NewCore/Core/Definitions/Units/EnemyDefinition.cs","5","internal EnemyDefinition(CsvDefinitionData data)"
"Pakuri/Assets/Scripts/NewCore/Core/Definitions/Units/EnemyDefinition.cs","20","public string enemy_id => RequiredString(nameof(enemy_id));"
"Pakuri/Assets/Scripts/NewCore/Core/Definitions/Units/EnemyDefinition.cs","22","public string stage_id => RequiredString(nameof(stage_id));"
"Pakuri/Assets/Scripts/NewCore/Core/Definitions/Units/EnemyDefinition.cs","24","public int? sort_order => OptionalInt(nameof(sort_order));"
"Pakuri/Assets/Scripts/NewCore/Core/Definitions/Units/EnemyDefinition.cs","26","public string display_name => RequiredString(nameof(display_name));"
"Pakuri/Assets/Scripts/NewCore/Core/Definitions/Units/EnemyDefinition.cs","28","public string encounter_role => RequiredString(nameof(encounter_role));"
"Pakuri/Assets/Scripts/NewCore/Core/Definitions/Units/EnemyDefinition.cs","30","public string attack_type => RequiredString(nameof(attack_type));"
"Pakuri/Assets/Scripts/NewCore/Core/Definitions/Units/EnemyDefinition.cs","32","public string attribute => RequiredString(nameof(attribute));"
"Pakuri/Assets/Scripts/NewCore/Core/Definitions/Units/EnemyDefinition.cs","34","public float? max_health => OptionalFloat(nameof(max_health));"
"Pakuri/Assets/Scripts/NewCore/Core/Definitions/Units/EnemyDefinition.cs","36","public float? attack_power => OptionalFloat(nameof(attack_power));"
"Pakuri/Assets/Scripts/NewCore/Core/Definitions/Units/EnemyDefinition.cs","38","public float? spell_power => OptionalFloat(nameof(spell_power));"
"Pakuri/Assets/Scripts/NewCore/Core/Definitions/Units/EnemyDefinition.cs","40","public float? move_speed => OptionalFloat(nameof(move_speed));"
"Pakuri/Assets/Scripts/NewCore/Core/Definitions/Units/EnemyDefinition.cs","42","public float? crit_chance => OptionalFloat(nameof(crit_chance));"
"Pakuri/Assets/Scripts/NewCore/Core/Definitions/Units/EnemyDefinition.cs","44","public float? crit_damage => OptionalFloat(nameof(crit_damage));"
"Pakuri/Assets/Scripts/NewCore/Core/Definitions/Units/EnemyDefinition.cs","46","public float? crit_resistance => OptionalFloat(nameof(crit_resistance));"
"Pakuri/Assets/Scripts/NewCore/Core/Definitions/Units/EnemyDefinition.cs","48","public float? def_physical => OptionalFloat(nameof(def_physical));"
"Pakuri/Assets/Scripts/NewCore/Core/Definitions/Units/EnemyDefinition.cs","50","public float? def_fire => OptionalFloat(nameof(def_fire));"
"Pakuri/Assets/Scripts/NewCore/Core/Definitions/Units/EnemyDefinition.cs","52","public float? def_lightning => OptionalFloat(nameof(def_lightning));"
"Pakuri/Assets/Scripts/NewCore/Core/Definitions/Units/EnemyDefinition.cs","54","public float? def_ice => OptionalFloat(nameof(def_ice));"
"Pakuri/Assets/Scripts/NewCore/Core/Definitions/Units/EnemyDefinition.cs","56","public float? def_darkness => OptionalFloat(nameof(def_darkness));"
"Pakuri/Assets/Scripts/NewCore/Core/Definitions/Units/EnemyDefinition.cs","58","public float? def_holy => OptionalFloat(nameof(def_holy));"
"Pakuri/Assets/Scripts/NewCore/Core/Definitions/Units/EnemyDefinition.cs","60","public string skill_slot_a_id => RequiredString(nameof(skill_slot_a_id));"
"Pakuri/Assets/Scripts/NewCore/Core/Definitions/Units/EnemyDefinition.cs","62","public string skill_slot_b_id => RequiredString(nameof(skill_slot_b_id));"
"Pakuri/Assets/Scripts/NewCore/Core/Definitions/Units/EnemyDefinition.cs","64","public string passive_id => RequiredString(nameof(passive_id));"
"Pakuri/Assets/Scripts/NewCore/Core/Definitions/Units/EnemyDefinition.cs","66","public float? nexus_damage => OptionalFloat(nameof(nexus_damage));"
"Pakuri/Assets/Scripts/NewCore/Core/Definitions/Units/MonsterDefinition.cs","3","public sealed class MonsterDefinition : UnitDefinition"
"Pakuri/Assets/Scripts/NewCore/Core/Definitions/Units/MonsterDefinition.cs","5","internal MonsterDefinition(CsvDefinitionData data)"
"Pakuri/Assets/Scripts/NewCore/Core/Definitions/Units/MonsterDefinition.cs","16","public string id => RequiredString(nameof(id));"
"Pakuri/Assets/Scripts/NewCore/Core/Definitions/Units/MonsterDefinition.cs","18","public string display_name => RequiredString(nameof(display_name));"
"Pakuri/Assets/Scripts/NewCore/Core/Definitions/Units/MonsterDefinition.cs","20","public string role_summary => RequiredString(nameof(role_summary));"
"Pakuri/Assets/Scripts/NewCore/Core/Definitions/Units/MonsterDefinition.cs","22","public string element_label => RequiredString(nameof(element_label));"
"Pakuri/Assets/Scripts/NewCore/Core/Definitions/Units/MonsterDefinition.cs","24","public string primary_attribute => RequiredString(nameof(primary_attribute));"
"Pakuri/Assets/Scripts/NewCore/Core/Definitions/Units/MonsterDefinition.cs","26","public float? max_health => OptionalFloat(nameof(max_health));"
"Pakuri/Assets/Scripts/NewCore/Core/Definitions/Units/MonsterDefinition.cs","28","public float? power_stat => OptionalFloat(nameof(power_stat));"
"Pakuri/Assets/Scripts/NewCore/Core/Definitions/Units/MonsterDefinition.cs","30","public float? base_damage => OptionalFloat(nameof(base_damage));"
"Pakuri/Assets/Scripts/NewCore/Core/Definitions/Units/MonsterDefinition.cs","32","public float? power_coefficient => OptionalFloat(nameof(power_coefficient));"
"Pakuri/Assets/Scripts/NewCore/Core/Definitions/Units/MonsterDefinition.cs","34","public float? base_attack_power => OptionalFloat(nameof(base_attack_power));"
"Pakuri/Assets/Scripts/NewCore/Core/Definitions/Units/MonsterDefinition.cs","36","public float? base_spell_power => OptionalFloat(nameof(base_spell_power));"
"Pakuri/Assets/Scripts/NewCore/Core/Definitions/Units/MonsterDefinition.cs","38","public float? base_move_speed => OptionalFloat(nameof(base_move_speed));"
"Pakuri/Assets/Scripts/NewCore/Core/Definitions/Units/MonsterDefinition.cs","40","public float? base_crit_chance => OptionalFloat(nameof(base_crit_chance));"
"Pakuri/Assets/Scripts/NewCore/Core/Definitions/Units/MonsterDefinition.cs","42","public float? base_crit_damage => OptionalFloat(nameof(base_crit_damage));"
"Pakuri/Assets/Scripts/NewCore/Core/Definitions/Units/MonsterDefinition.cs","44","public float? base_crit_resistance => OptionalFloat(nameof(base_crit_resistance));"
"Pakuri/Assets/Scripts/NewCore/Core/Definitions/Units/MonsterDefinition.cs","46","public float? def_physical => OptionalFloat(nameof(def_physical));"
"Pakuri/Assets/Scripts/NewCore/Core/Definitions/Units/MonsterDefinition.cs","48","public float? def_fire => OptionalFloat(nameof(def_fire));"
"Pakuri/Assets/Scripts/NewCore/Core/Definitions/Units/MonsterDefinition.cs","50","public float? def_lightning => OptionalFloat(nameof(def_lightning));"
"Pakuri/Assets/Scripts/NewCore/Core/Definitions/Units/MonsterDefinition.cs","52","public float? def_ice => OptionalFloat(nameof(def_ice));"
"Pakuri/Assets/Scripts/NewCore/Core/Definitions/Units/MonsterDefinition.cs","54","public float? def_darkness => OptionalFloat(nameof(def_darkness));"
"Pakuri/Assets/Scripts/NewCore/Core/Definitions/Units/MonsterDefinition.cs","56","public float? def_holy => OptionalFloat(nameof(def_holy));"
"Pakuri/Assets/Scripts/NewCore/Core/Definitions/Units/MonsterDefinition.cs","58","public string MonsterIconImage => OptionalString(nameof(MonsterIconImage));"
"Pakuri/Assets/Scripts/NewCore/Core/Definitions/Units/UnitDefinition.cs","3","public abstract class UnitDefinition : CsvDefinition"
"Pakuri/Assets/Scripts/NewCore/Core/Definitions/Units/UnitDefinition.cs","5","internal UnitDefinition(CsvDefinitionData data)"
"Pakuri/Assets/Scripts/NewCore/Core/Parsing/CsvParser.cs","18","internal sealed class CsvParser"
"Pakuri/Assets/Scripts/NewCore/Core/Parsing/CsvParser.cs","73","internal static IReadOnlyList<string> RequiredCsvPaths => requiredCsvPaths;"
"Pakuri/Assets/Scripts/NewCore/Core/Parsing/CsvParser.cs","75","internal GameDefinitionCatalog Parse(IReadOnlyDictionary<string, string> csvFiles)"
"Pakuri/Assets/Scripts/NewCore/Core/Parsing/CsvParser.cs","1094","public ParsedTable("
"Pakuri/Assets/Scripts/NewCore/Core/Parsing/CsvParser.cs","1104","public bool HasSchemaRow { get; }"
"Pakuri/Assets/Scripts/NewCore/Core/Parsing/CsvParser.cs","1106","public IReadOnlyDictionary<string, string> Schema { get; }"
"Pakuri/Assets/Scripts/NewCore/Core/Parsing/CsvParser.cs","1108","public IReadOnlyList<ParsedRow> Rows { get; }"
"Pakuri/Assets/Scripts/NewCore/Core/Parsing/CsvParser.cs","1113","public ParsedRow(int recordNumber, IReadOnlyDictionary<string, object> values)"
"Pakuri/Assets/Scripts/NewCore/Core/Parsing/CsvParser.cs","1119","public int RecordNumber { get; }"
"Pakuri/Assets/Scripts/NewCore/Core/Parsing/CsvParser.cs","1121","public IReadOnlyDictionary<string, object> Values { get; }"
"Pakuri/Assets/Scripts/NewCore/Core/Parsing/CsvParser.cs","1126","public RawRecord(int recordNumber, IReadOnlyList<string> fields)"
"Pakuri/Assets/Scripts/NewCore/Core/Parsing/CsvParser.cs","1132","public int RecordNumber { get; }"
"Pakuri/Assets/Scripts/NewCore/Core/Parsing/CsvParser.cs","1134","public IReadOnlyList<string> Fields { get; }"
"Pakuri/Assets/Scripts/NewCore/Core/Tests/Editor/NewCoreCombatLoopTests.cs","25","public sealed class NewCoreCombatLoopTests"
"Pakuri/Assets/Scripts/NewCore/Core/Tests/Editor/NewCoreCombatLoopTests.cs","30","public void SetUp()"
"Pakuri/Assets/Scripts/NewCore/Core/Tests/Editor/NewCoreCombatLoopTests.cs","36","public void CentralTickUsesTheBlueprintOrderExactlyOnce()"
"Pakuri/Assets/Scripts/NewCore/Core/Tests/Editor/NewCoreCombatLoopTests.cs","61","public void ActorRegistrationStartsNextTickAndRemovalWaitsForIterationEnd()"
"Pakuri/Assets/Scripts/NewCore/Core/Tests/Editor/NewCoreCombatLoopTests.cs","84","public void CombatResultsApplyDamageShieldHealAndStatusThroughModelAuthority()"
"Pakuri/Assets/Scripts/NewCore/Core/Tests/Editor/NewCoreCombatLoopTests.cs","116","public void TargetingUsesLivingSideSelectionHealthStacksAndManualPoint()"
"Pakuri/Assets/Scripts/NewCore/Core/Tests/Editor/NewCoreCombatLoopTests.cs","153","public void EveryActiveSkillFamilyHasADeterministicExecutionPath()"
"Pakuri/Assets/Scripts/NewCore/Core/Tests/Editor/NewCoreCombatLoopTests.cs","174","public void SelectedChoiceNodesChangeTheSkillPlanWithoutChangingDefinitions()"
"Pakuri/Assets/Scripts/NewCore/Core/Tests/Editor/NewCoreCombatLoopTests.cs","213","public void ManualInputBoundaryRejectsUiAndAutoThenPreservesProjectileAim()"
"Pakuri/Assets/Scripts/NewCore/Core/Tests/Editor/NewCoreCombatLoopTests.cs","249","public void MovementHonorsDeltaTimeStopDistanceAndMovementStatus()"
"Pakuri/Assets/Scripts/NewCore/Core/Tests/Editor/NewCoreCombatLoopTests.cs","271","public void EnemyUsesNexusWhenNoLivingPlayerAndRequestsExactNexusDamage()"
"Pakuri/Assets/Scripts/NewCore/Core/Tests/Editor/NewCoreCombatLoopTests.cs","299","public void CooldownBlocksRepeatedExecutionUntilCentralTickCompletesIt()"
"Pakuri/Assets/Scripts/NewCore/Core/Tests/Editor/NewCoreCombatLoopTests.cs","317","public void EveryReachableNodeAndTriggerContractHasAnExecutableRuntimePath()"
"Pakuri/Assets/Scripts/NewCore/Core/Tests/Editor/NewCoreCombatLoopTests.cs","362","public void EveryMonsterTriggerAcceptsItsMatchingEventAndRejectsANonOwner()"
"Pakuri/Assets/Scripts/NewCore/Core/Tests/Editor/NewCoreCombatLoopTests.cs","503","public void EveryMonsterBaseDefinitionCreatesItsRuntimeContract()"
"Pakuri/Assets/Scripts/NewCore/Core/Tests/Editor/NewCoreCombatLoopTests.cs","595","public void EveryMonsterChoiceSelectsThroughItsOwnedRuntimeContract()"
"Pakuri/Assets/Scripts/NewCore/Core/Tests/Editor/NewCoreCombatLoopTests.cs","686","public void EveryPlanGraphRowRunsInsideASuccessfulSkillContract()"
"Pakuri/Assets/Scripts/NewCore/Core/Tests/Editor/NewCoreCombatLoopTests.cs","828","public void EveryEffectGraphRowEntersItsActualRuntimeHandler()"
"Pakuri/Assets/Scripts/NewCore/Core/Tests/Editor/NewCoreCombatLoopTests.cs","929","public void ScheduledActorHonorsInitialDelayAndExactRepeatCount()"
"Pakuri/Assets/Scripts/NewCore/Core/Tests/Editor/NewCoreCombatLoopTests.cs","952","public void SkillOwnedEffectGraphAppliesStatusAndRuntimeModifier()"
"Pakuri/Assets/Scripts/NewCore/Core/Tests/Editor/NewCoreCombatLoopTests.cs","996","public void ProjectileBurstPiercesOrderedTargetsThroughScheduledActors()"
"Pakuri/Assets/Scripts/NewCore/Core/Tests/Editor/NewCoreCombatLoopTests.cs","1024","public void CombatStartTriggerDispatchesOwnedEnemyBuff()"
"Pakuri/Assets/Scripts/NewCore/Core/Tests/Editor/NewCoreCombatLoopTests.cs","1039","public void ActionManagerStartsEachUnitOnceAndResetsTheBoundary()"
"Pakuri/Assets/Scripts/NewCore/Core/Tests/Editor/NewCoreCombatLoopTests.cs","1069","public void ManualInputQueueAndProjectileAimEndWithCombat()"
"Pakuri/Assets/Scripts/NewCore/Core/Tests/Editor/NewCoreCombatLoopTests.cs","1094","public void CombatResultExposesPositiveHealthShieldAndLethalDamage()"
"Pakuri/Assets/Scripts/NewCore/Core/Tests/Editor/NewCoreCombatLoopTests.cs","1143","public void ReachableSkillsCarryCompleteVisualSpecifications()"
"Pakuri/Assets/Scripts/NewCore/Core/Tests/Editor/NewCoreCombatLoopTests.cs","1275","public void ChoicePlanAndGraphsStayScopedToTheirTargetSkill()"
"Pakuri/Assets/Scripts/NewCore/Core/Tests/Editor/NewCoreCombatLoopTests.cs","1311","public void LineHitUsesFullGeometryAndAppliesAttachedPayloadOnce()"
"Pakuri/Assets/Scripts/NewCore/Core/Tests/Editor/NewCoreCombatLoopTests.cs","1346","public void TargetStackRateAndRepeatPerTargetExecuteFromEveD()"
"Pakuri/Assets/Scripts/NewCore/Core/Tests/Editor/NewCoreCombatLoopTests.cs","1382","public void AreaFieldReevaluatesRegisteredTargetsAtEveryTick()"
"Pakuri/Assets/Scripts/NewCore/Core/Tests/Editor/NewCoreCombatLoopTests.cs","1413","public void SourceShieldLayersExpireIndependentlyAndReflectAbsorbedDamage()"
"Pakuri/Assets/Scripts/NewCore/Core/Tests/Editor/NewCoreCombatLoopTests.cs","1468","public void NexusContactIsRemovedAfterExactlyOneDamageRequest()"
"Pakuri/Assets/Scripts/NewCore/Core/Tests/Editor/NewCoreCombatLoopTests.cs","1497","public void EndCombatUnsubscribesStatusExpiryAndClearsTriggerState()"
"Pakuri/Assets/Scripts/NewCore/Core/Tests/Editor/NewCoreCombatLoopTests.cs","1536","public void ThresholdStatusUsesNameMarkTenAndRunsAfterBaseStatus()"
"Pakuri/Assets/Scripts/NewCore/Core/Tests/Editor/NewCoreCombatLoopTests.cs","1546","public void BurstIndexZeroAndFollowUpProjectileRemainSeparateShots()"
"Pakuri/Assets/Scripts/NewCore/Core/Tests/Editor/NewCoreCombatLoopTests.cs","1596","public void TriggerOwnedGraphUsesItsDeclaredOwnerAndEventTarget()"
"Pakuri/Assets/Scripts/NewCore/Core/Tests/Editor/NewCoreCombatLoopTests.cs","1631","public void CentralTickAppliesLearnedPassiveWithoutExternalCallback()"
"Pakuri/Assets/Scripts/NewCore/Core/Tests/Editor/NewCoreCombatLoopTests.cs","1656","public void EqualDistanceOrderIsStableAndRejectedSelectionDoesNotMutate()"
"Pakuri/Assets/Scripts/NewCore/Core/Tests/Editor/NewCoreCombatLoopTests.cs","1683","public void TriggeredSkillCarriesAncestryAndCannotRetriggerItsOrigin()"
"Pakuri/Assets/Scripts/NewCore/Core/Tests/Editor/NewCoreCombatLoopTests.cs","1717","public void VegaTargetingAndDeploymentUseOnlyTheConfiguredNameMark()"
"Pakuri/Assets/Scripts/NewCore/Core/Tests/Editor/NewCoreCombatLoopTests.cs","1763","public void VegaFinalSentenceAddsConfiguredDamageForEachNameMarkStack()"
"Pakuri/Assets/Scripts/NewCore/Core/Tests/Editor/NewCoreCombatLoopTests.cs","1772","public void RinExecuteCastAndCooldownRewardsRequireThresholdAndKill()"
"Pakuri/Assets/Scripts/NewCore/Core/Tests/Editor/NewCoreCombatLoopTests.cs","1831","public void RinExecuteFiltersCandidatesBeforeLowestHealthSelection()"
"Pakuri/Assets/Scripts/NewCore/Core/Tests/Editor/NewCoreCombatLoopTests.cs","1867","public void SkillStatusMaximumStacksCapsRepeatedSeinEApplications()"
"Pakuri/Assets/Scripts/NewCore/Core/Tests/Editor/NewCoreCombatLoopTests.cs","1899","public void AreaRuntimeKindTriggersVegaICooldownRefund()"
"Pakuri/Assets/Scripts/NewCore/Core/Tests/Editor/NewCoreCombatLoopTests.cs","1944","public void TriggeredSeinBCastUsesSeinGOriginForReloadReduction()"
"Pakuri/Assets/Scripts/NewCore/Core/Tests/Editor/NewCoreCombatLoopTests.cs","2003","public void ManualClickDrainsCompleteUsableSkillBatchWithoutStaleRequests()"
"Pakuri/Assets/Scripts/NewCore/Core/Tests/Editor/NewCoreCombatLoopTests.cs","2071","public void ManualSpatialFamiliesCreateActorsWithoutPointerTarget()"
"Pakuri/Assets/Scripts/NewCore/Core/Tests/Editor/NewCoreCombatLoopTests.cs","2149","public void AreaAndLineReevaluateLateEntrantsAtAuthoredVisualScale()"
"Pakuri/Assets/Scripts/NewCore/Core/Tests/Editor/NewCoreCombatLoopTests.cs","2223","public void ProjectileUsesFixedSweptDirectionAndFinitePierceBudget()"
"Pakuri/Assets/Scripts/NewCore/Core/Tests/Editor/NewCoreCombatLoopTests.cs","2293","public void EmptyProjectileKeepsDirectionUntilFallbackLifetime()"
"Pakuri/Assets/Scripts/NewCore/Core/Tests/Editor/NewCoreCombatLoopTests.cs","2322","public void PriestTargetsLowestHealthRatioAllyAndHealsAtItsPosition()"
"Pakuri/Assets/Scripts/NewCore/Core/Tests/Editor/NewCoreCombatLoopTests.cs","2392","public void ShieldUpIsTimedIncomingDamageBuffAndCreatesNoShield()"
"Pakuri/Assets/Scripts/NewCore/Core/Tests/Editor/NewCoreCombatLoopTests.cs","2451","public void ArielBaseVisualSurvivesOneSecondMinimum()"
"Pakuri/Assets/Scripts/NewCore/Core/Tests/Editor/NewCoreCombatLoopTests.cs","2504","public void UnitAnchorAndAutomaticAreaUseResolvedTargetPositions()"
"Pakuri/Assets/Scripts/NewCore/Core/Tests/Editor/NewCoreCombatLoopTests.cs","2553","public void ArielBShieldsOnlyAlliesWithAuthoredFormulaAndEnhancement()"
"Pakuri/Assets/Scripts/NewCore/Core/Tests/Editor/NewCoreCombatLoopTests.cs","2621","public void EveFShieldsOnlyAlliesWithLearnedLightningActiveSkills()"
"Pakuri/Assets/Scripts/NewCore/Core/Tests/Editor/NewCoreCombatLoopTests.cs","2664","public void EveFPassiveEnhancementsKeepTheirSeparateGraphEffects()"
"Pakuri/Assets/Scripts/NewCore/Core/Tests/Editor/NewCoreCombatLoopTests.cs","2724","public void ArielEShieldGraphUsesFlatPlusSpellPowerOnly()"
"Pakuri/Assets/Scripts/NewCore/Core/Tests/Editor/NewCoreCombatLoopTests.cs","2760","public void EnemyMovesTowardNexusWhenAllSkillsAreCoolingDown()"
"Pakuri/Assets/Scripts/NewCore/Core/Tests/Editor/NewCoreCombatLoopTests.cs","2790","public void EnemyRetargetsLivingMonsterOnItsNextActionStep()"
"Pakuri/Assets/Scripts/NewCore/Core/Tests/Editor/NewCoreCombatLoopTests.cs","2818","public void GuardianFlagCooldownFallsThroughToSlashTrace()"
"Pakuri/Assets/Scripts/NewCore/Core/Tests/Editor/NewCoreCombatLoopTests.cs","3754","public MonsterModel Selected;"
"Pakuri/Assets/Scripts/NewCore/Core/Tests/Editor/NewCoreCombatLoopTests.cs","3755","public StageManager Stage;"
"Pakuri/Assets/Scripts/NewCore/Core/Tests/Editor/NewCoreCombatLoopTests.cs","3756","public EffectManager Effects;"
"Pakuri/Assets/Scripts/NewCore/Core/Tests/Editor/NewCoreCombatLoopTests.cs","3757","public SkillActorManager Actors;"
"Pakuri/Assets/Scripts/NewCore/Core/Tests/Editor/NewCoreCombatLoopTests.cs","3758","public SkillTargeting Targeting;"
"Pakuri/Assets/Scripts/NewCore/Core/Tests/Editor/NewCoreCombatLoopTests.cs","3759","public InGameCombatManager Combat;"
"Pakuri/Assets/Scripts/NewCore/Core/Tests/Editor/NewCoreCombatLoopTests.cs","3760","public SkillTriggerDispatcher Triggers;"
"Pakuri/Assets/Scripts/NewCore/Core/Tests/Editor/NewCoreCombatLoopTests.cs","3761","public SkillExecutionRuntime Execution;"
"Pakuri/Assets/Scripts/NewCore/Core/Tests/Editor/NewCoreCombatLoopTests.cs","3762","public PlayerInputController Input;"
"Pakuri/Assets/Scripts/NewCore/Core/Tests/Editor/NewCoreCombatLoopTests.cs","3763","public InGameActionManager Actions;"
"Pakuri/Assets/Scripts/NewCore/Core/Tests/Editor/NewCoreCombatLoopTests.cs","3764","public int PassiveApplyCount;"
"Pakuri/Assets/Scripts/NewCore/Core/Tests/Editor/NewCoreDataFoundationTests.cs","14","public sealed class NewCoreDataFoundationTests"
"Pakuri/Assets/Scripts/NewCore/Core/Tests/Editor/NewCoreDataFoundationTests.cs","26","public void AllRetainedCsvFilesCreateImmutableDefinitions()"
"Pakuri/Assets/Scripts/NewCore/Core/Tests/Editor/NewCoreDataFoundationTests.cs","48","public void QuotedFieldsRetainCommasAndEscapedQuotes()"
"Pakuri/Assets/Scripts/NewCore/Core/Tests/Editor/NewCoreDataFoundationTests.cs","64","public void QuotedMultilineFieldRetainsActualCrLf()"
"Pakuri/Assets/Scripts/NewCore/Core/Tests/Editor/NewCoreDataFoundationTests.cs","78","public void BlankRequiredMonsterDisplayNameFailsInitialization()"
"Pakuri/Assets/Scripts/NewCore/Core/Tests/Editor/NewCoreDataFoundationTests.cs","94","public void BlankRequiredMonsterPrimaryAttributeFailsInitialization()"
"Pakuri/Assets/Scripts/NewCore/Core/Tests/Editor/NewCoreDataFoundationTests.cs","110","public void DuplicateIdFailsInitialization()"
"Pakuri/Assets/Scripts/NewCore/Core/Tests/Editor/NewCoreDataFoundationTests.cs","125","public void InvalidPrimitiveFailsInitialization()"
"Pakuri/Assets/Scripts/NewCore/Core/Tests/Editor/NewCoreDataFoundationTests.cs","140","public void InvalidFloatFailsInitialization()"
"Pakuri/Assets/Scripts/NewCore/Core/Tests/Editor/NewCoreDataFoundationTests.cs","155","public void InvalidBoolFailsInitialization()"
"Pakuri/Assets/Scripts/NewCore/Core/Tests/Editor/NewCoreDataFoundationTests.cs","170","public void InvalidEnumFailsInitialization()"
"Pakuri/Assets/Scripts/NewCore/Core/Tests/Editor/NewCoreDataFoundationTests.cs","186","public void MissingReferenceFailsInitialization()"
"Pakuri/Assets/Scripts/NewCore/Core/Tests/Editor/NewCoreDataFoundationTests.cs","202","public void MissingRetainedCsvFailsInitialization()"
"Pakuri/Assets/Scripts/NewCore/Core/Tests/Editor/NewCoreDataFoundationTests.cs","215","public void UnterminatedQuotedFieldFailsInitialization()"
"Pakuri/Assets/Scripts/NewCore/Core/Tests/Editor/NewCorePresentationTests.cs","32","public sealed class NewCorePresentationTests"
"Pakuri/Assets/Scripts/NewCore/Core/Tests/Editor/NewCorePresentationTests.cs","86","public void RuntimeCatalogBuildsCompleteRetainedDefinitionSet()"
"Pakuri/Assets/Scripts/NewCore/Core/Tests/Editor/NewCorePresentationTests.cs","130","public void RunStartSelectionUsesNewCoreAssetType()"
"Pakuri/Assets/Scripts/NewCore/Core/Tests/Editor/NewCorePresentationTests.cs","141","public void RunSceneHasCompleteNewCoreComponentWiring()"
"Pakuri/Assets/Scripts/NewCore/Core/Tests/Editor/NewCorePresentationTests.cs","229","public void MainMenuSceneUsesNewCoreControllerAndRetainedReferences()"
"Pakuri/Assets/Scripts/NewCore/Core/Tests/Editor/NewCorePresentationTests.cs","258","public void ActiveUnitAndSkillPrefabsUseNewCoreActors()"
"Pakuri/Assets/Scripts/NewCore/Core/Tests/Editor/NewCorePresentationTests.cs","292","public void EffectViewConsumesPrefabSpriteAnimatorScaleAndSorting()"
"Pakuri/Assets/Scripts/NewCore/Core/Tests/Editor/NewCorePresentationTests.cs","379","public void EnemyActorDisablesCollidersWhenItsModelIsDefeated()"
"Pakuri/Assets/Scripts/NewCore/Core/Tests/Editor/NewCorePresentationTests.cs","413","public void EnemyActorReceivesSkillActivationPresentation()"
"Pakuri/Assets/Scripts/NewCore/Core/Tests/Editor/NewCorePresentationTests.cs","450","public void EnemyActorDisablesCollidersAfterNexusContact()"
"Pakuri/Assets/Scripts/NewCore/Core/Tests/Editor/NewCorePresentationTests.cs","484","public void TerminalEnemyActorDoesNotRegrowAcrossSpawnSyncPasses()"
"Pakuri/Assets/Scripts/NewCore/Core/Tests/Editor/NewCorePresentationTests.cs","635","public void OfferingWritesOwnerAndExactDescriptionIntoDedicatedFields()"
"Pakuri/Assets/Scripts/NewCore/Core/Tests/Editor/NewCorePresentationTests.cs","725","public void DamagePopupsRemainIndependentAndCapOnlyTheOldest()"
"Pakuri/Assets/Scripts/NewCore/Core/Tests/Editor/NewCorePresentationTests.cs","817","public void MonsterDeathFreezeSamplesLastFrameAndStopsAnimator()"
"Pakuri/Assets/Scripts/NewCore/Core/Tests/Editor/NewCorePresentationTests.cs","877","public void MonsterDeathFallbackReportsMissingAnimatorOnce()"
"Pakuri/Assets/Scripts/NewCore/Core/Tests/Editor/NewCorePresentationTests.cs","903","public void MonsterDeathFallbackReportsMissingController()"
"Pakuri/Assets/Scripts/NewCore/Core/Tests/Editor/NewCorePresentationTests.cs","942","public void DebugBothEightKeysToggleRootAndLearningChangesOnlyGivenBucket()"
"Pakuri/Assets/Scripts/NewCore/Core/Tests/Editor/NewCorePresentationTests.cs","1067","public void DamageMeterOrdersSourcesAndUsesLeaderRelativeSegmentWidths()"
"Pakuri/Assets/Scripts/NewCore/Core/Tests/Editor/NewCoreRunFlowTests.cs","27","public sealed class NewCoreRunFlowTests"
"Pakuri/Assets/Scripts/NewCore/Core/Tests/Editor/NewCoreRunFlowTests.cs","32","public void SetUp()"
"Pakuri/Assets/Scripts/NewCore/Core/Tests/Editor/NewCoreRunFlowTests.cs","38","public void SpawnSequenceUsesCsvOrderIntervalBossAndPosition()"
"Pakuri/Assets/Scripts/NewCore/Core/Tests/Editor/NewCoreRunFlowTests.cs","76","public void PhaseThreeDefeatSignalEntersRewardAndGrantsRunRewards()"
"Pakuri/Assets/Scripts/NewCore/Core/Tests/Editor/NewCoreRunFlowTests.cs","136","public void EncounterBossRewardUsesTheActuallySelectedBoss()"
"Pakuri/Assets/Scripts/NewCore/Core/Tests/Editor/NewCoreRunFlowTests.cs","165","public void StartCurrentDayRejectsActiveAndRewardStateReentry()"
"Pakuri/Assets/Scripts/NewCore/Core/Tests/Editor/NewCoreRunFlowTests.cs","208","public void RewardRejectsAForeignSpawnManagerWithoutMutation()"
"Pakuri/Assets/Scripts/NewCore/Core/Tests/Editor/NewCoreRunFlowTests.cs","239","public void OfferingKeepsPrisonerUntilAVisibleCandidateIsConfirmed()"
"Pakuri/Assets/Scripts/NewCore/Core/Tests/Editor/NewCoreRunFlowTests.cs","278","public void OfferingUsesBucketPassiveSlotPrerequisites()"
"Pakuri/Assets/Scripts/NewCore/Core/Tests/Editor/NewCoreRunFlowTests.cs","320","public void OfferingWithNoEligibleCandidatesDoesNotConsumePrisoner()"
"Pakuri/Assets/Scripts/NewCore/Core/Tests/Editor/NewCoreRunFlowTests.cs","350","public void ManifestationConsumesOnAttemptThenSupportsSkipAndRecruit()"
"Pakuri/Assets/Scripts/NewCore/Core/Tests/Editor/NewCoreRunFlowTests.cs","425","public void RewardCompletionClearsPrisonersResetsPartyAndStartsNextDay()"
"Pakuri/Assets/Scripts/NewCore/Core/Tests/Editor/NewCoreRunFlowTests.cs","466","public void ActionLifecycleClearsEffectsBeforeStartingTheNextDay()"
"Pakuri/Assets/Scripts/NewCore/Core/Tests/Editor/NewCoreRunFlowTests.cs","581","public void FinalRewardCompletesRunAndNexusDeathSignalsDefeat()"
"Pakuri/Assets/Scripts/NewCore/Core/Tests/Editor/NewCoreRunFlowTests.cs","772","public MonsterModel InitialMonster { get; set; }"
"Pakuri/Assets/Scripts/NewCore/Core/Tests/Editor/NewCoreRunFlowTests.cs","774","public StageManager Stage { get; set; }"
"Pakuri/Assets/Scripts/NewCore/Core/Tests/Editor/NewCoreRunFlowTests.cs","776","public SpawnManager Spawns { get; set; }"
"Pakuri/Assets/Scripts/NewCore/Core/Tests/Editor/NewCoreRuntimeStateTests.cs","21","public sealed class NewCoreRuntimeStateTests"
"Pakuri/Assets/Scripts/NewCore/Core/Tests/Editor/NewCoreRuntimeStateTests.cs","26","public void SetUp()"
"Pakuri/Assets/Scripts/NewCore/Core/Tests/Editor/NewCoreRuntimeStateTests.cs","32","public void StageManagerIsTheOnlyPublicCurrencyAndFieldUnitWriter()"
"Pakuri/Assets/Scripts/NewCore/Core/Tests/Editor/NewCoreRuntimeStateTests.cs","60","public void PartyRosterPreservesOrderAndRejectsDuplicatesAtFiveSlots()"
"Pakuri/Assets/Scripts/NewCore/Core/Tests/Editor/NewCoreRuntimeStateTests.cs","81","public void PrisonerInventoryConsumesExactEntriesAndClearsBetweenRewards()"
"Pakuri/Assets/Scripts/NewCore/Core/Tests/Editor/NewCoreRuntimeStateTests.cs","103","public void UnitOwnsHealthShieldStatusSurvivalAndRoundReset()"
"Pakuri/Assets/Scripts/NewCore/Core/Tests/Editor/NewCoreRuntimeStateTests.cs","142","public void PermanentStatusDoesNotExpireAndExplicitRemovalWorks()"
"Pakuri/Assets/Scripts/NewCore/Core/Tests/Editor/NewCoreRuntimeStateTests.cs","158","public void InvalidStatusRefreshDoesNotPartiallyMutateExistingState()"
"Pakuri/Assets/Scripts/NewCore/Core/Tests/Editor/NewCoreRuntimeStateTests.cs","179","public void MagazineCooldownEnforcesShotIntervalReloadAndReset()"
"Pakuri/Assets/Scripts/NewCore/Core/Tests/Editor/NewCoreRuntimeStateTests.cs","212","public void NonMagazineCooldownBlocksUntilDurationElapses()"
"Pakuri/Assets/Scripts/NewCore/Core/Tests/Editor/NewCoreRuntimeStateTests.cs","227","public void MonsterSkillBucketEnforcesLearningAndChoiceLimits()"
"Pakuri/Assets/Scripts/NewCore/Core/Tests/Editor/NewCoreRuntimeStateTests.cs","304","public void PassiveSlotsRequireTheirPairedLearnedActiveSlots()"
"Pakuri/Assets/Scripts/NewCore/Core/Tests/Editor/NewCoreRuntimeStateTests.cs","354","public void PassiveBasePrerequisiteBlocksLearningAndSelectionUntilActiveIsLearned()"
"Pakuri/Assets/Scripts/NewCore/Core/Tests/Editor/NewCoreRuntimeStateTests.cs","379","public void EnemyBucketPreservesTwoSlotsAndSharesDuplicateSkillRuntime()"
"Pakuri/Assets/Scripts/NewCore/Core/Tests/Editor/NewCoreRuntimeStateTests.cs","402","public void NexusUsesTheCommonHealthAuthorityWithoutADefinition()"
"Pakuri/Assets/Scripts/NewCore/Core/Tests/Editor/NewCoreRuntimeStateTests.cs","415","public void MutableAuthorityPropertiesHaveNoPublicSetters()"
"Pakuri/Assets/Scripts/NewCore/Core/Tests/Editor/NewCoreRuntimeStateTests.cs","437","public void PhaseOneCatalogRemainsCompatibleWithRuntimeModels()"
"Pakuri/Assets/Scripts/NewCore/Presentation/Actors/DamageNumberPopupBehaviour.cs","6","public sealed class DamageNumberPopupBehaviour : MonoBehaviour"
"Pakuri/Assets/Scripts/NewCore/Presentation/Actors/DamageNumberPopupBehaviour.cs","27","public int ActivePopupCount => popups.Count;"
"Pakuri/Assets/Scripts/NewCore/Presentation/Actors/DamageNumberPopupBehaviour.cs","29","public void Initialize(TextMesh damageTemplate)"
"Pakuri/Assets/Scripts/NewCore/Presentation/Actors/DamageNumberPopupBehaviour.cs","44","public void Show(float damageAmount)"
"Pakuri/Assets/Scripts/NewCore/Presentation/Actors/DamageNumberPopupBehaviour.cs","89","public void Clear()"
"Pakuri/Assets/Scripts/NewCore/Presentation/Actors/DamageNumberPopupBehaviour.cs","104","public void Tick(float deltaTime)"
"Pakuri/Assets/Scripts/NewCore/Presentation/Actors/DamageNumberPopupBehaviour.cs","178","public Popup("
"Pakuri/Assets/Scripts/NewCore/Presentation/Actors/DamageNumberPopupBehaviour.cs","192","public GameObject Instance { get; }"
"Pakuri/Assets/Scripts/NewCore/Presentation/Actors/DamageNumberPopupBehaviour.cs","193","public TextMesh Text { get; }"
"Pakuri/Assets/Scripts/NewCore/Presentation/Actors/DamageNumberPopupBehaviour.cs","194","public Vector3 StartPosition { get; }"
"Pakuri/Assets/Scripts/NewCore/Presentation/Actors/DamageNumberPopupBehaviour.cs","195","public Color StartColor { get; }"
"Pakuri/Assets/Scripts/NewCore/Presentation/Actors/DamageNumberPopupBehaviour.cs","196","public float DurationSeconds { get; }"
"Pakuri/Assets/Scripts/NewCore/Presentation/Actors/DamageNumberPopupBehaviour.cs","197","public float ElapsedSeconds { get; set; }"
"Pakuri/Assets/Scripts/NewCore/Presentation/Actors/EnemyActorBehaviour.cs","6","public sealed class EnemyActorBehaviour : UnitActorBehaviour"
"Pakuri/Assets/Scripts/NewCore/Presentation/Actors/EnemyActorBehaviour.cs","14","public EnemyModel Enemy => Model as EnemyModel;"
"Pakuri/Assets/Scripts/NewCore/Presentation/Actors/EnemyActorBehaviour.cs","16","public bool IsDefeated => defeated;"
"Pakuri/Assets/Scripts/NewCore/Presentation/Actors/EnemyActorBehaviour.cs","18","public int AttackPresentationCount { get; private set; }"
"Pakuri/Assets/Scripts/NewCore/Presentation/Actors/EnemyActorBehaviour.cs","25","public void PlayAttack()"
"Pakuri/Assets/Scripts/NewCore/Presentation/Actors/EnemyActorBehaviour.cs","39","public override void SyncFromModel()"
"Pakuri/Assets/Scripts/NewCore/Presentation/Actors/MonsterActorBehaviour.cs","6","public sealed class MonsterActorBehaviour : UnitActorBehaviour"
"Pakuri/Assets/Scripts/NewCore/Presentation/Actors/MonsterActorBehaviour.cs","12","public MonsterModel Monster => Model as MonsterModel;"
"Pakuri/Assets/Scripts/NewCore/Presentation/Actors/MonsterActorBehaviour.cs","14","public override void SyncFromModel()"
"Pakuri/Assets/Scripts/NewCore/Presentation/Actors/MonsterActorBehaviour.cs","36","public void PlayAttack()"
"Pakuri/Assets/Scripts/NewCore/Presentation/Actors/MonsterActorBehaviour.cs","44","public void PlayHit()"
"Pakuri/Assets/Scripts/NewCore/Presentation/Actors/MonsterAnimationBehaviour.cs","6","public sealed class MonsterAnimationBehaviour : MonoBehaviour"
"Pakuri/Assets/Scripts/NewCore/Presentation/Actors/MonsterAnimationBehaviour.cs","28","public bool IsDead => dead;"
"Pakuri/Assets/Scripts/NewCore/Presentation/Actors/MonsterAnimationBehaviour.cs","30","public bool IsDeathFrozen => frozen;"
"Pakuri/Assets/Scripts/NewCore/Presentation/Actors/MonsterAnimationBehaviour.cs","42","public void PlayRandomAttack()"
"Pakuri/Assets/Scripts/NewCore/Presentation/Actors/MonsterAnimationBehaviour.cs","57","public void PlayHit()"
"Pakuri/Assets/Scripts/NewCore/Presentation/Actors/MonsterAnimationBehaviour.cs","69","public void PlayDeath()"
"Pakuri/Assets/Scripts/NewCore/Presentation/Actors/MonsterAnimationBehaviour.cs","97","public void ReviveToIdle()"
"Pakuri/Assets/Scripts/NewCore/Presentation/Actors/NexusActorBehaviour.cs","7","public sealed class NexusActorBehaviour : UnitActorBehaviour"
"Pakuri/Assets/Scripts/NewCore/Presentation/Actors/NexusActorBehaviour.cs","12","public float MaxHealth => maxHealth;"
"Pakuri/Assets/Scripts/NewCore/Presentation/Actors/NexusActorBehaviour.cs","14","public NexusModel Nexus => Model as NexusModel;"
"Pakuri/Assets/Scripts/NewCore/Presentation/Actors/NexusActorBehaviour.cs","16","public override void SyncFromModel()"
"Pakuri/Assets/Scripts/NewCore/Presentation/Actors/SkillVisualActorBehaviour.cs","6","public sealed class SkillVisualActorBehaviour : MonoBehaviour"
"Pakuri/Assets/Scripts/NewCore/Presentation/Actors/SkillVisualActorBehaviour.cs","10","public void Bind(EffectHandle effectHandle)"
"Pakuri/Assets/Scripts/NewCore/Presentation/Actors/SkillVisualActorBehaviour.cs","17","public void Sync()"
"Pakuri/Assets/Scripts/NewCore/Presentation/Actors/UnitActorBehaviour.cs","7","public abstract class UnitActorBehaviour : MonoBehaviour"
"Pakuri/Assets/Scripts/NewCore/Presentation/Actors/UnitActorBehaviour.cs","12","public UnitBaseModel Model { get; private set; }"
"Pakuri/Assets/Scripts/NewCore/Presentation/Actors/UnitActorBehaviour.cs","14","public void Bind(UnitBaseModel model)"
"Pakuri/Assets/Scripts/NewCore/Presentation/Actors/UnitActorBehaviour.cs","30","public virtual void SyncFromModel()"
"Pakuri/Assets/Scripts/NewCore/Presentation/Actors/UnitActorBehaviour.cs","45","public void ShowDamage(float amount)"
"Pakuri/Assets/Scripts/NewCore/Presentation/Actors/UnitActorBehaviour.cs","55","protected static CombatVector2 ToModel(Vector3 value)"
"Pakuri/Assets/Scripts/NewCore/Presentation/Actors/UnitActorBehaviour.cs","76","public TextMesh DamageTemplate => damageLabel;"
"Pakuri/Assets/Scripts/NewCore/Presentation/Actors/UnitActorBehaviour.cs","78","public UnitWorldView(Component owner)"
"Pakuri/Assets/Scripts/NewCore/Presentation/Actors/UnitActorBehaviour.cs","88","public void Refresh(UnitBaseModel model)"
"Pakuri/Assets/Scripts/NewCore/Presentation/Assets/NewCoreRuntimeCatalogAsset.cs","11","public sealed class NewCoreRuntimeCatalogAsset : ScriptableObject"
"Pakuri/Assets/Scripts/NewCore/Presentation/Assets/NewCoreRuntimeCatalogAsset.cs","14","public struct SpriteEntry"
"Pakuri/Assets/Scripts/NewCore/Presentation/Assets/NewCoreRuntimeCatalogAsset.cs","16","public string AssetPath;"
"Pakuri/Assets/Scripts/NewCore/Presentation/Assets/NewCoreRuntimeCatalogAsset.cs","17","public Sprite Asset;"
"Pakuri/Assets/Scripts/NewCore/Presentation/Assets/NewCoreRuntimeCatalogAsset.cs","21","public struct PrefabEntry"
"Pakuri/Assets/Scripts/NewCore/Presentation/Assets/NewCoreRuntimeCatalogAsset.cs","23","public string AssetPath;"
"Pakuri/Assets/Scripts/NewCore/Presentation/Assets/NewCoreRuntimeCatalogAsset.cs","24","public GameObject Asset;"
"Pakuri/Assets/Scripts/NewCore/Presentation/Assets/NewCoreRuntimeCatalogAsset.cs","28","public struct AnimatorControllerEntry"
"Pakuri/Assets/Scripts/NewCore/Presentation/Assets/NewCoreRuntimeCatalogAsset.cs","30","public string AssetPath;"
"Pakuri/Assets/Scripts/NewCore/Presentation/Assets/NewCoreRuntimeCatalogAsset.cs","31","public RuntimeAnimatorController Asset;"
"Pakuri/Assets/Scripts/NewCore/Presentation/Assets/NewCoreRuntimeCatalogAsset.cs","35","public TextAsset CatalogMonsters;"
"Pakuri/Assets/Scripts/NewCore/Presentation/Assets/NewCoreRuntimeCatalogAsset.cs","36","public TextAsset Monsters;"
"Pakuri/Assets/Scripts/NewCore/Presentation/Assets/NewCoreRuntimeCatalogAsset.cs","37","public TextAsset MonsterRewardChoices;"
"Pakuri/Assets/Scripts/NewCore/Presentation/Assets/NewCoreRuntimeCatalogAsset.cs","38","public TextAsset[] MonsterSkillsProjectileFiles = Array.Empty<TextAsset>();"
"Pakuri/Assets/Scripts/NewCore/Presentation/Assets/NewCoreRuntimeCatalogAsset.cs","39","public TextAsset[] MonsterSkillsLineAttackFiles = Array.Empty<TextAsset>();"
"Pakuri/Assets/Scripts/NewCore/Presentation/Assets/NewCoreRuntimeCatalogAsset.cs","40","public TextAsset[] MonsterSkillsAreaAttackFiles = Array.Empty<TextAsset>();"
"Pakuri/Assets/Scripts/NewCore/Presentation/Assets/NewCoreRuntimeCatalogAsset.cs","41","public TextAsset[] MonsterSkillsSingleAttackFiles = Array.Empty<TextAsset>();"
"Pakuri/Assets/Scripts/NewCore/Presentation/Assets/NewCoreRuntimeCatalogAsset.cs","42","public TextAsset[] MonsterSkillsBuffFiles = Array.Empty<TextAsset>();"
"Pakuri/Assets/Scripts/NewCore/Presentation/Assets/NewCoreRuntimeCatalogAsset.cs","43","public TextAsset[] MonsterSkillsPassiveFiles = Array.Empty<TextAsset>();"
"Pakuri/Assets/Scripts/NewCore/Presentation/Assets/NewCoreRuntimeCatalogAsset.cs","44","public TextAsset MonsterSkillNodeDefinitions;"
"Pakuri/Assets/Scripts/NewCore/Presentation/Assets/NewCoreRuntimeCatalogAsset.cs","45","public TextAsset MonsterSkillNodeDefinitionParams;"
"Pakuri/Assets/Scripts/NewCore/Presentation/Assets/NewCoreRuntimeCatalogAsset.cs","46","public TextAsset[] MonsterSkillGraphNodeFiles = Array.Empty<TextAsset>();"
"Pakuri/Assets/Scripts/NewCore/Presentation/Assets/NewCoreRuntimeCatalogAsset.cs","47","public TextAsset[] MonsterSkillTriggerFiles = Array.Empty<TextAsset>();"
"Pakuri/Assets/Scripts/NewCore/Presentation/Assets/NewCoreRuntimeCatalogAsset.cs","48","public TextAsset[] MonsterSkillChoicesProjectileFiles = Array.Empty<TextAsset>();"
"Pakuri/Assets/Scripts/NewCore/Presentation/Assets/NewCoreRuntimeCatalogAsset.cs","49","public TextAsset[] MonsterSkillChoicesLineAttackFiles = Array.Empty<TextAsset>();"
"Pakuri/Assets/Scripts/NewCore/Presentation/Assets/NewCoreRuntimeCatalogAsset.cs","50","public TextAsset[] MonsterSkillChoicesAreaAttackFiles = Array.Empty<TextAsset>();"
"Pakuri/Assets/Scripts/NewCore/Presentation/Assets/NewCoreRuntimeCatalogAsset.cs","51","public TextAsset[] MonsterSkillChoicesSingleAttackFiles = Array.Empty<TextAsset>();"
"Pakuri/Assets/Scripts/NewCore/Presentation/Assets/NewCoreRuntimeCatalogAsset.cs","52","public TextAsset[] MonsterSkillChoicesBuffFiles = Array.Empty<TextAsset>();"
"Pakuri/Assets/Scripts/NewCore/Presentation/Assets/NewCoreRuntimeCatalogAsset.cs","53","public TextAsset[] MonsterSkillChoicesPassiveFiles = Array.Empty<TextAsset>();"
"Pakuri/Assets/Scripts/NewCore/Presentation/Assets/NewCoreRuntimeCatalogAsset.cs","54","public TextAsset StatusEffects;"
"Pakuri/Assets/Scripts/NewCore/Presentation/Assets/NewCoreRuntimeCatalogAsset.cs","55","public TextAsset Enemies;"
"Pakuri/Assets/Scripts/NewCore/Presentation/Assets/NewCoreRuntimeCatalogAsset.cs","56","public TextAsset[] EnemySkillBaseFiles = Array.Empty<TextAsset>();"
"Pakuri/Assets/Scripts/NewCore/Presentation/Assets/NewCoreRuntimeCatalogAsset.cs","57","public TextAsset[] EnemySkillTriggerFiles = Array.Empty<TextAsset>();"
"Pakuri/Assets/Scripts/NewCore/Presentation/Assets/NewCoreRuntimeCatalogAsset.cs","58","public TextAsset StageDay;"
"Pakuri/Assets/Scripts/NewCore/Presentation/Assets/NewCoreRuntimeCatalogAsset.cs","59","public TextAsset StageEncounter;"
"Pakuri/Assets/Scripts/NewCore/Presentation/Assets/NewCoreRuntimeCatalogAsset.cs","60","public TextAsset StageReward;"
"Pakuri/Assets/Scripts/NewCore/Presentation/Assets/NewCoreRuntimeCatalogAsset.cs","63","public SpriteEntry[] Sprites = Array.Empty<SpriteEntry>();"
"Pakuri/Assets/Scripts/NewCore/Presentation/Assets/NewCoreRuntimeCatalogAsset.cs","64","public PrefabEntry[] Prefabs = Array.Empty<PrefabEntry>();"
"Pakuri/Assets/Scripts/NewCore/Presentation/Assets/NewCoreRuntimeCatalogAsset.cs","65","public AnimatorControllerEntry[] AnimatorControllers ="
"Pakuri/Assets/Scripts/NewCore/Presentation/Assets/NewCoreRuntimeCatalogAsset.cs","72","public GameBootstrap CreateBootstrap()"
"Pakuri/Assets/Scripts/NewCore/Presentation/Assets/NewCoreRuntimeCatalogAsset.cs","105","public bool TryGetSprite(string assetPath, out Sprite sprite)"
"Pakuri/Assets/Scripts/NewCore/Presentation/Assets/NewCoreRuntimeCatalogAsset.cs","111","public bool TryGetPrefab(string assetPath, out GameObject prefab)"
"Pakuri/Assets/Scripts/NewCore/Presentation/Assets/NewCoreRuntimeCatalogAsset.cs","117","public bool TryGetAnimatorController("
"Pakuri/Assets/Scripts/NewCore/Presentation/Assets/RunStartSelectionAsset.cs","8","public sealed class RunStartSelectionAsset : ScriptableObject"
"Pakuri/Assets/Scripts/NewCore/Presentation/Assets/RunStartSelectionAsset.cs","14","public string ConsumeMonsterId()"
"Pakuri/Assets/Scripts/NewCore/Presentation/Assets/RunStartSelectionAsset.cs","23","public void Prepare(string monsterId)"
"Pakuri/Assets/Scripts/NewCore/Presentation/Scene/NewCoreEffectView.cs","9","public sealed class NewCoreEffectView : MonoBehaviour"
"Pakuri/Assets/Scripts/NewCore/Presentation/Scene/NewCoreEffectView.cs","19","public void Bind("
"Pakuri/Assets/Scripts/NewCore/Presentation/Scene/NewCoreEffectView.cs","34","public void Sync()"
"Pakuri/Assets/Scripts/NewCore/Presentation/Scene/NewCoreEffectView.cs","70","public void Clear()"
"Pakuri/Assets/Scripts/NewCore/Presentation/Scene/NewCoreInputController.cs","10","public sealed class NewCoreInputController : MonoBehaviour"
"Pakuri/Assets/Scripts/NewCore/Presentation/Scene/NewCoreInputController.cs","18","public bool AutoSkillEnabled => autoSkillEnabled;"
"Pakuri/Assets/Scripts/NewCore/Presentation/Scene/NewCoreInputController.cs","20","public void Bind("
"Pakuri/Assets/Scripts/NewCore/Presentation/Scene/NewCoreInputController.cs","31","public void Capture()"
"Pakuri/Assets/Scripts/NewCore/Presentation/Scene/NewCoreInputController.cs","84","public void ToggleAutoSkill()"
"Pakuri/Assets/Scripts/NewCore/Presentation/Scene/NewCoreInputController.cs","93","public void SynchronizeAutoSkillState()"
"Pakuri/Assets/Scripts/NewCore/Presentation/Scene/NewCoreSceneRuntime.cs","22","public sealed class NewCoreSceneRuntime : MonoBehaviour"
"Pakuri/Assets/Scripts/NewCore/Presentation/Scene/NewCoreSceneRuntime.cs","47","public GameDefinitionCatalog Catalog { get; private set; }"
"Pakuri/Assets/Scripts/NewCore/Presentation/Scene/NewCoreSceneRuntime.cs","48","public NewCoreRuntimeCatalogAsset RuntimeCatalog { get; private set; }"
"Pakuri/Assets/Scripts/NewCore/Presentation/Scene/NewCoreSceneRuntime.cs","49","public StageManager Stage { get; private set; }"
"Pakuri/Assets/Scripts/NewCore/Presentation/Scene/NewCoreSceneRuntime.cs","50","public SpawnManager Spawns { get; private set; }"
"Pakuri/Assets/Scripts/NewCore/Presentation/Scene/NewCoreSceneRuntime.cs","51","public InGameCombatManager Combat { get; private set; }"
"Pakuri/Assets/Scripts/NewCore/Presentation/Scene/NewCoreSceneRuntime.cs","52","public NexusModel Nexus { get; private set; }"
"Pakuri/Assets/Scripts/NewCore/Presentation/Scene/NewCoreSceneRuntime.cs","53","public RewardService Rewards { get; private set; }"
"Pakuri/Assets/Scripts/NewCore/Presentation/Scene/NewCoreSceneRuntime.cs","54","public OfferingService Offerings { get; private set; }"
"Pakuri/Assets/Scripts/NewCore/Presentation/Scene/NewCoreSceneRuntime.cs","55","public ManifestationService Manifestations { get; private set; }"
"Pakuri/Assets/Scripts/NewCore/Presentation/Scene/NewCoreSceneRuntime.cs","56","public RewardResult CurrentReward { get; private set; }"
"Pakuri/Assets/Scripts/NewCore/Presentation/Scene/NewCoreSceneRuntime.cs","57","public MonsterModel SelectedMonster => input?.SelectedMonster;"
"Pakuri/Assets/Scripts/NewCore/Presentation/Scene/NewCoreSceneRuntime.cs","233","public void RegisterMonster("
"Pakuri/Assets/Scripts/NewCore/Presentation/Scene/NewCoreSceneRuntime.cs","243","public void RegisterEnemy("
"Pakuri/Assets/Scripts/NewCore/Presentation/Scene/NewCoreSceneRuntime.cs","258","public bool CompleteRewardAndAdvance()"
"Pakuri/Assets/Scripts/NewCore/Presentation/Scene/NewCoreSceneRuntime.cs","283","public MonsterActorBehaviour PresentManifestedMonster("
"Pakuri/Assets/Scripts/NewCore/Presentation/Scene/NewCoreSpawnController.cs","12","public sealed class NewCoreSpawnController : MonoBehaviour"
"Pakuri/Assets/Scripts/NewCore/Presentation/Scene/NewCoreSpawnController.cs","15","public struct EnemyPrefabBinding"
"Pakuri/Assets/Scripts/NewCore/Presentation/Scene/NewCoreSpawnController.cs","20","public string EnemyId => enemyId;"
"Pakuri/Assets/Scripts/NewCore/Presentation/Scene/NewCoreSpawnController.cs","21","public GameObject Prefab => prefab;"
"Pakuri/Assets/Scripts/NewCore/Presentation/Scene/NewCoreSpawnController.cs","48","public void Bind("
"Pakuri/Assets/Scripts/NewCore/Presentation/Scene/NewCoreSpawnController.cs","74","public MonsterActorBehaviour EnsureMonster(MonsterModel model)"
"Pakuri/Assets/Scripts/NewCore/Presentation/Scene/NewCoreSpawnController.cs","108","public void SyncNewSpawns()"
"Pakuri/Assets/Scripts/NewCore/Presentation/Scene/NewCoreSpawnController.cs","153","public void SyncActors()"
"Pakuri/Assets/Scripts/NewCore/Presentation/Scene/NewCoreSpawnController.cs","187","public bool TryGetActor("
"Pakuri/Assets/Scripts/NewCore/Presentation/Scene/NewCoreSpawnController.cs","209","public CombatFootprint ResolveCombatFootprint("
"Pakuri/Assets/Scripts/NewCore/Presentation/Scene/NewCoreSpawnController.cs","306","internal static class PartyRosterIndex"
"Pakuri/Assets/Scripts/NewCore/Presentation/Scene/NewCoreSpawnController.cs","308","public static int IndexOf("
"Pakuri/Assets/Scripts/NewCore/Presentation/Scene/NewCoreStageController.cs","10","public sealed class NewCoreStageController : MonoBehaviour"
"Pakuri/Assets/Scripts/NewCore/Presentation/Scene/NewCoreStageController.cs","30","public bool StartFlowOnStart => startFlowOnStart;"
"Pakuri/Assets/Scripts/NewCore/Presentation/Scene/NewCoreStageController.cs","31","public float ClearCheckInterval => clearCheckInterval;"
"Pakuri/Assets/Scripts/NewCore/Presentation/Scene/NewCoreStageController.cs","32","public NexusActorBehaviour NexusActor => nexusActor;"
"Pakuri/Assets/Scripts/NewCore/Presentation/Scene/NewCoreStageController.cs","42","public void ValidateConnections("
"Pakuri/Assets/Scripts/NewCore/Presentation/Scene/NewCoreStageController.cs","93","public void ShowResult(bool victory)"
"Pakuri/Assets/Scripts/NewCore/Presentation/UI/NewCoreDamageMeterTracker.cs","10","public sealed class NewCoreDamageMeterTracker : MonoBehaviour"
"Pakuri/Assets/Scripts/NewCore/Presentation/UI/NewCoreDamageMeterTracker.cs","17","public int Version { get; private set; }"
"Pakuri/Assets/Scripts/NewCore/Presentation/UI/NewCoreDamageMeterTracker.cs","41","public bool TryGet("
"Pakuri/Assets/Scripts/NewCore/Presentation/UI/NewCoreDamageMeterTracker.cs","48","public void ResetMeter()"
"Pakuri/Assets/Scripts/NewCore/Presentation/UI/NewCoreDamageMeterTracker.cs","79","public sealed class DamageRecord"
"Pakuri/Assets/Scripts/NewCore/Presentation/UI/NewCoreDamageMeterTracker.cs","86","internal DamageRecord(string monsterId)"
"Pakuri/Assets/Scripts/NewCore/Presentation/UI/NewCoreDamageMeterTracker.cs","91","public string MonsterId { get; }"
"Pakuri/Assets/Scripts/NewCore/Presentation/UI/NewCoreDamageMeterTracker.cs","92","public float TotalDamage { get; private set; }"
"Pakuri/Assets/Scripts/NewCore/Presentation/UI/NewCoreDamageMeterTracker.cs","93","public IReadOnlyList<DamageSourceRecord> OrderedSources =>"
"Pakuri/Assets/Scripts/NewCore/Presentation/UI/NewCoreDamageMeterTracker.cs","96","internal void Add(string skillId, float amount)"
"Pakuri/Assets/Scripts/NewCore/Presentation/UI/NewCoreDamageMeterTracker.cs","115","public sealed class DamageSourceRecord"
"Pakuri/Assets/Scripts/NewCore/Presentation/UI/NewCoreDamageMeterTracker.cs","117","internal DamageSourceRecord(string sourceId)"
"Pakuri/Assets/Scripts/NewCore/Presentation/UI/NewCoreDamageMeterTracker.cs","122","public string SourceId { get; }"
"Pakuri/Assets/Scripts/NewCore/Presentation/UI/NewCoreDamageMeterTracker.cs","124","public float Damage { get; private set; }"
"Pakuri/Assets/Scripts/NewCore/Presentation/UI/NewCoreDamageMeterTracker.cs","126","internal void Add(float amount)"
"Pakuri/Assets/Scripts/NewCore/Presentation/UI/NewCoreDamageMeterUIController.cs","12","public sealed class NewCoreDamageMeterUIController : MonoBehaviour"
"Pakuri/Assets/Scripts/NewCore/Presentation/UI/NewCoreDamageMeterUIController.cs","67","public void Open()"
"Pakuri/Assets/Scripts/NewCore/Presentation/UI/NewCoreDamageMeterUIController.cs","73","public void Close()"
"Pakuri/Assets/Scripts/NewCore/Presentation/UI/NewCoreDamageMeterUIController.cs","78","public void RefreshNow()"
"Pakuri/Assets/Scripts/NewCore/Presentation/UI/NewCoreDamageMeterUIController.cs","553","public SortedSource("
"Pakuri/Assets/Scripts/NewCore/Presentation/UI/NewCoreDamageMeterUIController.cs","563","public DamageSourceRecord Record { get; }"
"Pakuri/Assets/Scripts/NewCore/Presentation/UI/NewCoreDamageMeterUIController.cs","565","public int SortKey { get; }"
"Pakuri/Assets/Scripts/NewCore/Presentation/UI/NewCoreDamageMeterUIController.cs","567","public int FirstSeenIndex { get; }"
"Pakuri/Assets/Scripts/NewCore/Presentation/UI/NewCoreDebugUIController.cs","14","public sealed class NewCoreDebugUIController : MonoBehaviour"
"Pakuri/Assets/Scripts/NewCore/Presentation/UI/NewCoreDebugUIController.cs","50","public bool DebugRootVisible =>"
"Pakuri/Assets/Scripts/NewCore/Presentation/UI/NewCoreDebugUIController.cs","86","public void ToggleRoot()"
"Pakuri/Assets/Scripts/NewCore/Presentation/UI/NewCoreDebugUIController.cs","91","public void Open()"
"Pakuri/Assets/Scripts/NewCore/Presentation/UI/NewCoreDebugUIController.cs","100","public void Close()"
"Pakuri/Assets/Scripts/NewCore/Presentation/UI/NewCoreInGameUIController.cs","13","public sealed class NewCoreInGameUIController : MonoBehaviour"
"Pakuri/Assets/Scripts/NewCore/Presentation/UI/NewCoreInGameUIController.cs","81","public void ShowReward(RewardResult reward)"
"Pakuri/Assets/Scripts/NewCore/Presentation/UI/NewCoreMainMenuController.cs","8","public sealed class NewCoreMainMenuController : MonoBehaviour"
"Pakuri/Assets/Scripts/NewCore/Presentation/UI/NewCoreMonsterPanelUI.cs","8","public sealed class NewCoreMonsterPanelUI : MonoBehaviour"
"Pakuri/Assets/Scripts/NewCore/Presentation/UI/NewCoreMonsterPanelUI.cs","28","public void RefreshNow()"
"Pakuri/Assets/Scripts/NewCore/Presentation/UI/NewCoreUtilityPanelController.cs","7","public sealed class NewCoreUtilityPanelController : MonoBehaviour"
"Pakuri/Assets/Scripts/NewCore/Run/PartyRoster.cs","8","public sealed class PartyRoster"
"Pakuri/Assets/Scripts/NewCore/Run/PartyRoster.cs","10","public const int MaximumPartySlots = 5;"
"Pakuri/Assets/Scripts/NewCore/Run/PartyRoster.cs","15","public PartyRoster(MonsterModel initialMonster)"
"Pakuri/Assets/Scripts/NewCore/Run/PartyRoster.cs","29","public IReadOnlyList<MonsterModel> Members => readOnlyMembers;"
"Pakuri/Assets/Scripts/NewCore/Run/PartyRoster.cs","31","public bool CanAdd(string monsterId)"
"Pakuri/Assets/Scripts/NewCore/Run/PartyRoster.cs","41","public bool TryAddManifestedMonster(MonsterModel monster)"
"Pakuri/Assets/Scripts/NewCore/Run/PartyRoster.cs","52","public MonsterModel GetByMonsterId(string monsterId)"
"Pakuri/Assets/Scripts/NewCore/Run/PartyRoster.cs","74","internal bool TryRemoveManifestedMonster(MonsterModel monster)"
"Pakuri/Assets/Scripts/NewCore/Run/PrisonerInventory.cs","7","public sealed class Prisoner"
"Pakuri/Assets/Scripts/NewCore/Run/PrisonerInventory.cs","9","internal Prisoner(string enemyId)"
"Pakuri/Assets/Scripts/NewCore/Run/PrisonerInventory.cs","14","public string EnemyId { get; }"
"Pakuri/Assets/Scripts/NewCore/Run/PrisonerInventory.cs","17","public sealed class PrisonerInventory"
"Pakuri/Assets/Scripts/NewCore/Run/PrisonerInventory.cs","22","public PrisonerInventory()"
"Pakuri/Assets/Scripts/NewCore/Run/PrisonerInventory.cs","27","public IReadOnlyList<Prisoner> Prisoners => readOnlyPrisoners;"
"Pakuri/Assets/Scripts/NewCore/Run/PrisonerInventory.cs","29","public Prisoner Register(string enemyId)"
"Pakuri/Assets/Scripts/NewCore/Run/PrisonerInventory.cs","41","public void ReplaceRewards(IEnumerable<string> enemyIds)"
"Pakuri/Assets/Scripts/NewCore/Run/PrisonerInventory.cs","68","public bool CanConsume(Prisoner prisoner)"
"Pakuri/Assets/Scripts/NewCore/Run/PrisonerInventory.cs","73","public bool TryConsume(Prisoner prisoner)"
"Pakuri/Assets/Scripts/NewCore/Run/PrisonerInventory.cs","78","public void Clear()"
"Pakuri/Assets/Scripts/NewCore/Run/RunSessionModel.cs","6","public enum RewardProcessingState"
"Pakuri/Assets/Scripts/NewCore/Run/RunSessionModel.cs","14","public enum RunResult"
"Pakuri/Assets/Scripts/NewCore/Run/RunSessionModel.cs","21","public sealed class RunSessionModel"
"Pakuri/Assets/Scripts/NewCore/Run/RunSessionModel.cs","23","public RunSessionModel("
"Pakuri/Assets/Scripts/NewCore/Run/RunSessionModel.cs","57","public string CurrentStageId { get; private set; }"
"Pakuri/Assets/Scripts/NewCore/Run/RunSessionModel.cs","59","public int CurrentDay { get; private set; }"
"Pakuri/Assets/Scripts/NewCore/Run/RunSessionModel.cs","61","public string CurrentEncounterId { get; private set; }"
"Pakuri/Assets/Scripts/NewCore/Run/RunSessionModel.cs","63","public PartyRoster PartyRoster { get; }"
"Pakuri/Assets/Scripts/NewCore/Run/RunSessionModel.cs","65","public PrisonerInventory PrisonerInventory { get; }"
"Pakuri/Assets/Scripts/NewCore/Run/RunSessionModel.cs","67","public RewardProcessingState RewardState { get; private set; }"
"Pakuri/Assets/Scripts/NewCore/Run/RunSessionModel.cs","69","public RunResult Result { get; private set; }"
"Pakuri/Assets/Scripts/NewCore/Run/RunSessionModel.cs","71","internal void BeginDay(StageDayDefinition day)"
"Pakuri/Assets/Scripts/NewCore/Run/RunSessionModel.cs","89","internal void BeginReward()"
"Pakuri/Assets/Scripts/NewCore/Run/RunSessionModel.cs","101","internal void BeginRewardProcessing()"
"Pakuri/Assets/Scripts/NewCore/Run/RunSessionModel.cs","113","internal void CompleteReward()"
"Pakuri/Assets/Scripts/NewCore/Run/RunSessionModel.cs","125","internal void MarkVictory()"
"Pakuri/Assets/Scripts/NewCore/Run/RunSessionModel.cs","131","internal void MarkDefeat()"
"Pakuri/Assets/Scripts/NewCore/Run/Services/ManifestationService.cs","11","public sealed class ManifestationAttemptResult"
"Pakuri/Assets/Scripts/NewCore/Run/Services/ManifestationService.cs","13","internal ManifestationAttemptResult("
"Pakuri/Assets/Scripts/NewCore/Run/Services/ManifestationService.cs","21","public bool Success { get; }"
"Pakuri/Assets/Scripts/NewCore/Run/Services/ManifestationService.cs","23","public MonsterDefinition Candidate { get; }"
"Pakuri/Assets/Scripts/NewCore/Run/Services/ManifestationService.cs","26","public sealed class ManifestationService"
"Pakuri/Assets/Scripts/NewCore/Run/Services/ManifestationService.cs","35","public ManifestationService("
"Pakuri/Assets/Scripts/NewCore/Run/Services/ManifestationService.cs","54","public MonsterDefinition PendingCandidate => pendingCandidate;"
"Pakuri/Assets/Scripts/NewCore/Run/Services/ManifestationService.cs","56","public ManifestationAttemptResult BeginAttempt("
"Pakuri/Assets/Scripts/NewCore/Run/Services/ManifestationService.cs","118","public MonsterModel ConfirmRecruitment()"
"Pakuri/Assets/Scripts/NewCore/Run/Services/ManifestationService.cs","164","public bool SkipRecruitment()"
"Pakuri/Assets/Scripts/NewCore/Run/Services/OfferingService.cs","11","public enum OfferingCandidateKind"
"Pakuri/Assets/Scripts/NewCore/Run/Services/OfferingService.cs","20","public sealed class OfferingCandidate"
"Pakuri/Assets/Scripts/NewCore/Run/Services/OfferingService.cs","22","internal OfferingCandidate("
"Pakuri/Assets/Scripts/NewCore/Run/Services/OfferingService.cs","33","public string Id { get; }"
"Pakuri/Assets/Scripts/NewCore/Run/Services/OfferingService.cs","35","public OfferingCandidateKind Kind { get; }"
"Pakuri/Assets/Scripts/NewCore/Run/Services/OfferingService.cs","37","public SkillDefinition Skill { get; }"
"Pakuri/Assets/Scripts/NewCore/Run/Services/OfferingService.cs","39","public SkillChoiceDefinition Choice { get; }"
"Pakuri/Assets/Scripts/NewCore/Run/Services/OfferingService.cs","42","public sealed class OfferingOffer"
"Pakuri/Assets/Scripts/NewCore/Run/Services/OfferingService.cs","44","internal OfferingOffer("
"Pakuri/Assets/Scripts/NewCore/Run/Services/OfferingService.cs","54","public MonsterModel Monster { get; }"
"Pakuri/Assets/Scripts/NewCore/Run/Services/OfferingService.cs","56","public Prisoner Prisoner { get; }"
"Pakuri/Assets/Scripts/NewCore/Run/Services/OfferingService.cs","58","public IReadOnlyList<OfferingCandidate> Candidates { get; }"
"Pakuri/Assets/Scripts/NewCore/Run/Services/OfferingService.cs","61","public sealed class OfferingService"
"Pakuri/Assets/Scripts/NewCore/Run/Services/OfferingService.cs","67","public OfferingService("
"Pakuri/Assets/Scripts/NewCore/Run/Services/OfferingService.cs","80","public OfferingOffer PendingOffer { get; private set; }"
"Pakuri/Assets/Scripts/NewCore/Run/Services/OfferingService.cs","82","public OfferingOffer GenerateCandidates("
"Pakuri/Assets/Scripts/NewCore/Run/Services/OfferingService.cs","111","public bool TryConfirm(string candidateId)"
"Pakuri/Assets/Scripts/NewCore/Run/Services/RewardService.cs","10","public sealed class RewardResult"
"Pakuri/Assets/Scripts/NewCore/Run/Services/RewardService.cs","12","internal RewardResult("
"Pakuri/Assets/Scripts/NewCore/Run/Services/RewardService.cs","24","public StageRewardDefinition Definition { get; }"
"Pakuri/Assets/Scripts/NewCore/Run/Services/RewardService.cs","26","public int Gold { get; }"
"Pakuri/Assets/Scripts/NewCore/Run/Services/RewardService.cs","28","public int DarkTrace { get; }"
"Pakuri/Assets/Scripts/NewCore/Run/Services/RewardService.cs","30","public IReadOnlyList<string> PrisonerEnemyIds { get; }"
"Pakuri/Assets/Scripts/NewCore/Run/Services/RewardService.cs","32","public float ManifestSuccessChance =>"
"Pakuri/Assets/Scripts/NewCore/Run/Services/RewardService.cs","38","public sealed class RewardService"
"Pakuri/Assets/Scripts/NewCore/Run/Services/RewardService.cs","44","public RewardService("
"Pakuri/Assets/Scripts/NewCore/Run/Services/RewardService.cs","57","public RewardResult GenerateAndGrant("
"Pakuri/Assets/Scripts/NewCore/Run/Services/RewardService.cs","80","public RewardResult GenerateAndGrant(StageManager stage)"
"Pakuri/Assets/Scripts/NewCore/Run/StageManager.cs","12","public sealed class StageManager"
"Pakuri/Assets/Scripts/NewCore/Run/StageManager.cs","24","public StageManager("
"Pakuri/Assets/Scripts/NewCore/Run/StageManager.cs","36","public StageManager("
"Pakuri/Assets/Scripts/NewCore/Run/StageManager.cs","62","public RunSessionModel Session { get; }"
"Pakuri/Assets/Scripts/NewCore/Run/StageManager.cs","64","public int Gold => gold;"
"Pakuri/Assets/Scripts/NewCore/Run/StageManager.cs","66","public int DarkTrace => darkTrace;"
"Pakuri/Assets/Scripts/NewCore/Run/StageManager.cs","68","public bool IsCombatActive { get; private set; }"
"Pakuri/Assets/Scripts/NewCore/Run/StageManager.cs","70","public StageDayDefinition CurrentDayDefinition { get; private set; }"
"Pakuri/Assets/Scripts/NewCore/Run/StageManager.cs","72","public IReadOnlyList<UnitBaseModel> FieldUnits =>"
"Pakuri/Assets/Scripts/NewCore/Run/StageManager.cs","75","public IReadOnlyList<UnitBaseModel> LivingFieldUnits"
"Pakuri/Assets/Scripts/NewCore/Run/StageManager.cs","93","public event Action<bool> CombatResolved;"
"Pakuri/Assets/Scripts/NewCore/Run/StageManager.cs","95","public void AddGold(int amount)"
"Pakuri/Assets/Scripts/NewCore/Run/StageManager.cs","100","public bool CanSpendGold(int amount)"
"Pakuri/Assets/Scripts/NewCore/Run/StageManager.cs","105","public bool SpendGold(int amount)"
"Pakuri/Assets/Scripts/NewCore/Run/StageManager.cs","116","public void AddDarkTrace(int amount)"
"Pakuri/Assets/Scripts/NewCore/Run/StageManager.cs","124","public bool CanSpendDarkTrace(int amount)"
"Pakuri/Assets/Scripts/NewCore/Run/StageManager.cs","129","public bool SpendDarkTrace(int amount)"
"Pakuri/Assets/Scripts/NewCore/Run/StageManager.cs","140","public bool TryRegisterFieldUnit(UnitBaseModel unit)"
"Pakuri/Assets/Scripts/NewCore/Run/StageManager.cs","151","public bool TryUnregisterFieldUnit(UnitBaseModel unit)"
"Pakuri/Assets/Scripts/NewCore/Run/StageManager.cs","156","public void ClearFieldUnits()"
"Pakuri/Assets/Scripts/NewCore/Run/StageManager.cs","161","public void ConfigureSpawnManager(SpawnManager manager)"
"Pakuri/Assets/Scripts/NewCore/Run/StageManager.cs","178","public void ConnectCombat("
"Pakuri/Assets/Scripts/NewCore/Run/StageManager.cs","198","public void DisconnectCombat()"
"Pakuri/Assets/Scripts/NewCore/Run/StageManager.cs","209","public void StartCurrentDay()"
"Pakuri/Assets/Scripts/NewCore/Run/StageManager.cs","242","public void TickSpawnSequence(float deltaTime)"
"Pakuri/Assets/Scripts/NewCore/Run/StageManager.cs","253","public void EvaluateCombatCompletion()"
"Pakuri/Assets/Scripts/NewCore/Run/StageManager.cs","279","public bool CompleteRewardAndAdvance()"
"Pakuri/Assets/Scripts/NewCore/Run/StageManager.cs","297","public bool PlaceManifestedMonster(MonsterModel monster)"
"Pakuri/Assets/Scripts/NewCore/Run/StageManager.cs","308","internal bool OwnsSpawnManager(SpawnManager manager)"
"Pakuri/Assets/Scripts/NewCore/Run/StageManager.cs","314","internal SpawnManager ActiveSpawnManager =>"
"Pakuri/Assets/Scripts/NewCore/Spawn/SpawnManager.cs","16","public sealed class SpawnedEnemyRecord"
"Pakuri/Assets/Scripts/NewCore/Spawn/SpawnManager.cs","18","internal SpawnedEnemyRecord("
"Pakuri/Assets/Scripts/NewCore/Spawn/SpawnManager.cs","28","public EnemyModel Model { get; }"
"Pakuri/Assets/Scripts/NewCore/Spawn/SpawnManager.cs","30","public StageEncounterDefinition Encounter { get; }"
"Pakuri/Assets/Scripts/NewCore/Spawn/SpawnManager.cs","32","public bool IsBoss { get; }"
"Pakuri/Assets/Scripts/NewCore/Spawn/SpawnManager.cs","34","public bool GuaranteesPrisoner =>"
"Pakuri/Assets/Scripts/NewCore/Spawn/SpawnManager.cs","38","public sealed class SpawnManager"
"Pakuri/Assets/Scripts/NewCore/Spawn/SpawnManager.cs","52","public SpawnManager("
"Pakuri/Assets/Scripts/NewCore/Spawn/SpawnManager.cs","67","public bool HasPendingSpawns => nextIndex < pending.Count;"
"Pakuri/Assets/Scripts/NewCore/Spawn/SpawnManager.cs","69","public IReadOnlyList<SpawnedEnemyRecord> SpawnedEnemies =>"
"Pakuri/Assets/Scripts/NewCore/Spawn/SpawnManager.cs","72","public void BeginEncounter("
"Pakuri/Assets/Scripts/NewCore/Spawn/SpawnManager.cs","151","public int Tick(float deltaTime)"
"Pakuri/Assets/Scripts/NewCore/Spawn/SpawnManager.cs","175","public MonsterModel CreateMonsterModel("
"Pakuri/Assets/Scripts/NewCore/Spawn/SpawnManager.cs","202","public bool PlaceManifestedMonster("
"Pakuri/Assets/Scripts/NewCore/Spawn/SpawnManager.cs","394","public SpawnEntry("
"Pakuri/Assets/Scripts/NewCore/Spawn/SpawnManager.cs","404","public StageEncounterDefinition Encounter { get; }"
"Pakuri/Assets/Scripts/NewCore/Spawn/SpawnManager.cs","406","public bool IsBoss { get; }"
"Pakuri/Assets/Scripts/NewCore/Spawn/SpawnManager.cs","408","public float Delay { get; }"
"Pakuri/Assets/Scripts/NewCore/Units/Models/CombatVector2.cs","5","public readonly struct CombatVector2 : IEquatable<CombatVector2>"
"Pakuri/Assets/Scripts/NewCore/Units/Models/CombatVector2.cs","7","public CombatVector2(float x, float y)"
"Pakuri/Assets/Scripts/NewCore/Units/Models/CombatVector2.cs","18","public float X { get; }"
"Pakuri/Assets/Scripts/NewCore/Units/Models/CombatVector2.cs","20","public float Y { get; }"
"Pakuri/Assets/Scripts/NewCore/Units/Models/CombatVector2.cs","22","public float SqrMagnitude => (X * X) + (Y * Y);"
"Pakuri/Assets/Scripts/NewCore/Units/Models/CombatVector2.cs","24","public float Magnitude => (float)Math.Sqrt(SqrMagnitude);"
"Pakuri/Assets/Scripts/NewCore/Units/Models/CombatVector2.cs","26","public CombatVector2 Normalized"
"Pakuri/Assets/Scripts/NewCore/Units/Models/CombatVector2.cs","37","public static CombatVector2 operator +(CombatVector2 left, CombatVector2 right)"
"Pakuri/Assets/Scripts/NewCore/Units/Models/CombatVector2.cs","42","public static CombatVector2 operator -(CombatVector2 left, CombatVector2 right)"
"Pakuri/Assets/Scripts/NewCore/Units/Models/CombatVector2.cs","47","public static CombatVector2 operator *(CombatVector2 value, float multiplier)"
"Pakuri/Assets/Scripts/NewCore/Units/Models/CombatVector2.cs","52","public static float Distance(CombatVector2 left, CombatVector2 right)"
"Pakuri/Assets/Scripts/NewCore/Units/Models/CombatVector2.cs","57","public bool Equals(CombatVector2 other)"
"Pakuri/Assets/Scripts/NewCore/Units/Models/CombatVector2.cs","62","public override bool Equals(object obj)"
"Pakuri/Assets/Scripts/NewCore/Units/Models/CombatVector2.cs","67","public override int GetHashCode()"
"Pakuri/Assets/Scripts/NewCore/Units/Models/EnemyModel.cs","8","public sealed class EnemyModel : UnitBaseModel"
"Pakuri/Assets/Scripts/NewCore/Units/Models/EnemyModel.cs","10","public EnemyModel("
"Pakuri/Assets/Scripts/NewCore/Units/Models/EnemyModel.cs","24","public EnemyModel("
"Pakuri/Assets/Scripts/NewCore/Units/Models/EnemyModel.cs","45","public EnemyDefinition EnemyDefinition { get; }"
"Pakuri/Assets/Scripts/NewCore/Units/Models/EnemyModel.cs","47","public EnemySkillBucket SkillBucket { get; }"
"Pakuri/Assets/Scripts/NewCore/Units/Models/EnemyModel.cs","49","public bool AutoAttackEnabled { get; private set; }"
"Pakuri/Assets/Scripts/NewCore/Units/Models/EnemyModel.cs","51","public bool HasContactedNexus { get; private set; }"
"Pakuri/Assets/Scripts/NewCore/Units/Models/EnemyModel.cs","53","public void SetAutoAttackEnabled(bool enabled)"
"Pakuri/Assets/Scripts/NewCore/Units/Models/EnemyModel.cs","58","public void MarkNexusContact()"
"Pakuri/Assets/Scripts/NewCore/Units/Models/EnemyModel.cs","63","public void ResetForNextDay()"
"Pakuri/Assets/Scripts/NewCore/Units/Models/MonsterModel.cs","10","public sealed class MonsterModel : UnitBaseModel"
"Pakuri/Assets/Scripts/NewCore/Units/Models/MonsterModel.cs","12","public MonsterModel("
"Pakuri/Assets/Scripts/NewCore/Units/Models/MonsterModel.cs","30","public MonsterDefinition MonsterDefinition { get; }"
"Pakuri/Assets/Scripts/NewCore/Units/Models/MonsterModel.cs","32","public MonsterSkillBucket SkillBucket { get; }"
"Pakuri/Assets/Scripts/NewCore/Units/Models/MonsterModel.cs","34","public bool AutoAttackEnabled { get; private set; }"
"Pakuri/Assets/Scripts/NewCore/Units/Models/MonsterModel.cs","36","public bool AutoSkillEnabled { get; private set; }"
"Pakuri/Assets/Scripts/NewCore/Units/Models/MonsterModel.cs","38","public void SetAutoAttackEnabled(bool enabled)"
"Pakuri/Assets/Scripts/NewCore/Units/Models/MonsterModel.cs","43","public void SetAutoSkillEnabled(bool enabled)"
"Pakuri/Assets/Scripts/NewCore/Units/Models/MonsterModel.cs","48","public void ResetForNextDay(bool isSelectedMonster)"
"Pakuri/Assets/Scripts/NewCore/Units/Models/NexusModel.cs","3","public sealed class NexusModel : UnitBaseModel"
"Pakuri/Assets/Scripts/NewCore/Units/Models/NexusModel.cs","5","public NexusModel(float maximumHealth)"
"Pakuri/Assets/Scripts/NewCore/Units/Models/NexusModel.cs","10","public float ApplyNexusDamage(float amount)"
"Pakuri/Assets/Scripts/NewCore/Units/Models/UnitBaseModel.cs","10","public abstract class UnitBaseModel"
"Pakuri/Assets/Scripts/NewCore/Units/Models/UnitBaseModel.cs","21","protected UnitBaseModel(UnitDefinition definition, float maximumHealth)"
"Pakuri/Assets/Scripts/NewCore/Units/Models/UnitBaseModel.cs","36","public UnitDefinition Definition { get; }"
"Pakuri/Assets/Scripts/NewCore/Units/Models/UnitBaseModel.cs","38","public float MaximumHealth { get; }"
"Pakuri/Assets/Scripts/NewCore/Units/Models/UnitBaseModel.cs","40","public float CurrentHealth { get; private set; }"
"Pakuri/Assets/Scripts/NewCore/Units/Models/UnitBaseModel.cs","42","public float CurrentShield { get; private set; }"
"Pakuri/Assets/Scripts/NewCore/Units/Models/UnitBaseModel.cs","44","public bool IsAlive => CurrentHealth > 0f;"
"Pakuri/Assets/Scripts/NewCore/Units/Models/UnitBaseModel.cs","46","public CombatVector2 Position { get; private set; }"
"Pakuri/Assets/Scripts/NewCore/Units/Models/UnitBaseModel.cs","48","public IReadOnlyList<StatusEffect> StatusEffects => readOnlyStatusEffects;"
"Pakuri/Assets/Scripts/NewCore/Units/Models/UnitBaseModel.cs","50","public IReadOnlyList<RuntimeCombatModifier> RuntimeModifiers =>"
"Pakuri/Assets/Scripts/NewCore/Units/Models/UnitBaseModel.cs","53","public event Action<StatusEffect> StatusExpired;"
"Pakuri/Assets/Scripts/NewCore/Units/Models/UnitBaseModel.cs","55","public bool CanMove => ResolveStatusPermission(effect => effect.Definition.can_move);"
"Pakuri/Assets/Scripts/NewCore/Units/Models/UnitBaseModel.cs","57","public bool CanAct => ResolveStatusPermission(effect => effect.Definition.can_act);"
"Pakuri/Assets/Scripts/NewCore/Units/Models/UnitBaseModel.cs","59","public bool CanUseSpecialSkill =>"
"Pakuri/Assets/Scripts/NewCore/Units/Models/UnitBaseModel.cs","62","public float ActionSpeedMultiplier =>"
"Pakuri/Assets/Scripts/NewCore/Units/Models/UnitBaseModel.cs","70","public float MoveSpeedMultiplier =>"
"Pakuri/Assets/Scripts/NewCore/Units/Models/UnitBaseModel.cs","78","public void SetPosition(CombatVector2 position)"
"Pakuri/Assets/Scripts/NewCore/Units/Models/UnitBaseModel.cs","83","public float ApplyDamage(float amount)"
"Pakuri/Assets/Scripts/NewCore/Units/Models/UnitBaseModel.cs","88","public float ApplyDamage("
"Pakuri/Assets/Scripts/NewCore/Units/Models/UnitBaseModel.cs","123","public float Heal(float amount)"
"Pakuri/Assets/Scripts/NewCore/Units/Models/UnitBaseModel.cs","136","public bool TryAddShield(float amount)"
"Pakuri/Assets/Scripts/NewCore/Units/Models/UnitBaseModel.cs","141","public bool TryAddShield("
"Pakuri/Assets/Scripts/NewCore/Units/Models/UnitBaseModel.cs","155","public bool TryAddShield("
"Pakuri/Assets/Scripts/NewCore/Units/Models/UnitBaseModel.cs","211","public void ClearShield()"
"Pakuri/Assets/Scripts/NewCore/Units/Models/UnitBaseModel.cs","217","public float RemoveShield(UnitBaseModel source, string skillId)"
"Pakuri/Assets/Scripts/NewCore/Units/Models/UnitBaseModel.cs","222","public float RemoveShield("
"Pakuri/Assets/Scripts/NewCore/Units/Models/UnitBaseModel.cs","258","public bool HasShieldFrom(string skillId)"
"Pakuri/Assets/Scripts/NewCore/Units/Models/UnitBaseModel.cs","280","public StatusEffect ApplyStatus("
"Pakuri/Assets/Scripts/NewCore/Units/Models/UnitBaseModel.cs","329","public bool RemoveStatus(StatusEffect effect)"
"Pakuri/Assets/Scripts/NewCore/Units/Models/UnitBaseModel.cs","334","public int ConsumeStatus(string statusId, float ratio)"
"Pakuri/Assets/Scripts/NewCore/Units/Models/UnitBaseModel.cs","362","public RuntimeCombatModifier AddRuntimeModifier("
"Pakuri/Assets/Scripts/NewCore/Units/Models/UnitBaseModel.cs","381","public float ResolveRuntimeModifier(string kind, string filter = null)"
"Pakuri/Assets/Scripts/NewCore/Units/Models/UnitBaseModel.cs","401","public void TickStatusEffects(float deltaTime)"
"Pakuri/Assets/Scripts/NewCore/Units/Models/UnitBaseModel.cs","424","public void ClearStatusEffects()"
"Pakuri/Assets/Scripts/NewCore/Units/Models/UnitBaseModel.cs","430","protected void ResetVitalsAndStatuses()"
"Pakuri/Assets/Scripts/NewCore/Units/Models/UnitBaseModel.cs","441","public ShieldLayer("
"Pakuri/Assets/Scripts/NewCore/Units/Models/UnitBaseModel.cs","453","public UnitBaseModel Source { get; }"
"Pakuri/Assets/Scripts/NewCore/Units/Models/UnitBaseModel.cs","455","public string SkillId { get; }"
"Pakuri/Assets/Scripts/NewCore/Units/Models/UnitBaseModel.cs","457","public float Amount { get; set; }"
"Pakuri/Assets/Scripts/NewCore/Units/Models/UnitBaseModel.cs","459","public long Version { get; set; }"
